"Date","Share Code","Last Transaction Price (GHS)","Total Value Traded","Total Shares Traded","Closing Offer Price (GHS)","Closing Bid Price (GHS)","Price Change (GHS)","Closing Price VWAP (GHS)","Opening Price (GHS)","Previous Closing Price VWAP (GHS)","Year Low (GHS)","Year High (GHS)"
"2007-06-25","ABL","0","","0","0.1150","0.0000","0.0000","0.1150","0.1150","0.1150","0.1150","0.1150"
"2007-06-26","ABL","0","","0","","","0.0000","0.1150","0.1150","0.1150","0.1150","0.1150"
"2007-06-27","ABL","0","","0","","","0.0000","0.1150","0.1150","0.1150","0.1150","0.1150"
"2007-06-28","ABL","0","","0","","","0.0000","0.1150","0.1150","0.1150","0.1150","0.1150"
"2007-06-29","ABL","0","","0","","","0.0000","0.1150","0.1150","0.1150","0.1150","0.1150"
"2007-07-03","ABL","0","","5000","0.1150","0.0000","0.0000","0.1150","0.1150","0.1150","0.1150","0.1150"
"2007-07-04","ABL","0","","0","","","0.0000","0.1150","0.1150","0.1150","0.1150","0.1150"
"2007-07-05","ABL","0","","0","","","0.0000","0.1150","0.1150","0.1150","0.1150","0.1150"
"2007-07-06","ABL","0","","200","","","0.0000","0.1150","0.1150","0.1150","0.1150","0.1150"
"2007-07-09","ABL","0","","0","0.1150","0.0000","0.0000","0.1150","0.1150","0.1150","0.1150","0.1150"
"2007-07-10","ABL","0","","0","0.1150","0.0000","0.0000","0.1150","0.1150","0.1150","0.1150","0.1150"
"2007-07-11","ABL","0","","0","","","0.0000","0.1150","0.1150","0.1150","0.1150","0.1150"
"2007-07-12","ABL","0","","0","","","0.0000","0.1150","0.1150","0.1150","0.1150","0.1150"
"2007-07-13","ABL","0","","0","","","0.0000","0.1150","0.1150","0.1150","0.1150","0.1150"
"2007-07-16","ABL","0","","200","","","0.0000","0.1150","0.1150","0.1150","0.1150","0.1150"
"2007-07-17","ABL","0","","0","","","0.0000","0.1150","0.1150","0.1150","0.1150","0.1150"
"2007-07-18","ABL","0","","0","","","0.0000","0.1150","0.1150","0.1150","0.1150","0.1150"
"2007-07-19","ABL","0","","0","","","0.0000","0.1150","0.1150","0.1150","0.1150","0.1150"
"2007-07-20","ABL","0","","0","","","0.0000","0.1150","0.1150","0.1150","0.1150","0.1150"
"2007-07-23","ABL","0","","0","0.1150","0.0000","0.0000","0.1150","0.1150","0.1150","0.1150","0.1150"
"2007-07-24","ABL","0","","0","","","0.0000","0.1150","0.1150","0.1150","0.1150","0.1150"
"2007-07-25","ABL","0","","0","0.1150","0.0000","0.0000","0.1150","0.1150","0.1150","0.1150","0.1150"
"2007-07-26","ABL","0","","0","0.1150","0.0000","0.0000","0.1150","0.1150","0.1150","0.1150","0.1150"
"2007-07-27","ABL","0","","0","","","0.0000","0.1150","0.1150","0.1150","0.1150","0.1150"
"2007-07-30","ABL","0","","0","","","0.0000","0.1150","0.1150","0.1150","0.1150","0.1150"
"2007-07-31","ABL","0","","0","","","0.0000","0.1150","0.1150","0.1150","0.1150","0.1150"
"2007-08-01","ABL","0","","0","0.1150","0.0000","0.0000","0.1150","0.1150","0.1150","0.1150","0.1150"
"2007-08-02","ABL","0","","0","","","0.0000","0.1150","0.1150","0.1150","0.1150","0.1150"
"2007-08-03","ABL","0","","0","","","0.0000","0.1150","0.1150","0.1150","0.1150","0.1150"
"2007-08-06","ABL","0","","0","","","0.0000","0.1150","0.1150","0.1150","0.1150","0.1150"
"2007-08-07","ABL","0","","0","","","0.0000","0.1150","0.1150","0.1150","0.1150","0.1150"
"2007-08-08","ABL","0","","0","","","0.0000","0.1150","0.1150","0.1150","0.1150","0.1150"
"2007-08-09","ABL","0","","0","","","0.0000","0.1150","0.1150","0.1150","0.1150","0.1150"
"2007-08-10","ABL","0","","1000","","","0.0000","0.1150","0.1150","0.1150","0.1150","0.1150"
"2007-08-13","ABL","0","","0","","","0.0000","0.1150","0.1150","0.1150","0.1150","0.1150"
"2007-08-14","ABL","0","","0","","","0.0000","0.1150","0.1150","0.1150","0.1150","0.1150"
"2007-08-15","ABL","0","","0","","","0.0000","0.1150","0.1150","0.1150","0.1150","0.1150"
"2007-08-16","ABL","0","","0","","","0.0000","0.1150","0.1150","0.1150","0.1150","0.1150"
"2007-08-17","ABL","0","","0","","","0.0000","0.1150","0.1150","0.1150","0.1150","0.1150"
"2007-08-20","ABL","0","","0","","","0.0000","0.1150","0.1150","0.1150","0.1150","0.1150"
"2007-08-21","ABL","0","","0","","","0.0000","0.1150","0.1150","0.1150","0.1150","0.1150"
"2007-08-22","ABL","0","","400","0.1150","0.0000","0.0000","0.1150","0.1150","0.1150","0.1150","0.1150"
"2008-08-23","ABL","0","","0","","","0.0000","0.1150","0.1150","0.1150","0.1150","0.1150"
"2007-08-24","ABL","0","","0","","","0.0000","0.1150","0.1150","0.1150","0.1150","0.1150"
"2007-08-27","ABL","0","","500","","","0.0000","0.1150","0.1150","0.1150","0.1150","0.1150"
"2007-08-28","ABL","0","","0","","","0.0000","0.1150","0.1150","0.1150","0.1150","0.1150"
"2007-08-29","ABL","0","","0","","","0.0000","0.1150","0.1150","0.1150","0.1150","0.1150"
"2007-08-30","ABL","0","","0","","","0.0000","0.1150","0.1150","0.1150","0.1150","0.1150"
"2007-08-31","ABL","0","","0","","","0.0000","0.1150","0.1150","0.1150","0.1150","0.1150"
"2007-09-03","ABL","0","","500","0.1150","0.0000","0.0000","0.1150","0.1150","0.1150","0.1150","0.1150"
"2007-09-04","ABL","0","","500","0.1150","0.0000","0.0000","0.1150","0.1150","0.1150","0.1150","0.1150"
"2007-09-05","ABL","0","","0","","","0.0000","0.1150","0.1150","0.1150","0.1150","0.1150"
"2007-09-06","ABL","0","","0","","","0.0000","0.1150","0.1150","0.1150","0.1150","0.1150"
"2007-09-07","ABL","0","","200","0.1150","0.0000","0.0000","0.1150","0.1150","0.1150","0.1150","0.1150"
"2007-09-10","ABL","0","","0","","","0.0000","0.1150","0.1150","0.1150","0.1150","0.1150"
"2007-09-11","ABL","0","","0","","","0.0000","0.1150","0.1150","0.1150","0.1150","0.1150"
"2007-09-12","ABL","0","","200","","","0.0000","0.1150","0.1150","0.1150","0.1150","0.1150"
"2007-09-13","ABL","0","","0","","","0.0000","0.1150","0.1150","0.1150","0.1150","0.1150"
"2007-09-14","ABL","0","","0","","","0.0000","0.1150","0.1150","0.1150","0.1150","0.1150"
"2007-09-17","ABL","0","","0","","","0.0000","0.1150","0.1150","0.1150","0.1150","0.1150"
"2007-09-18","ABL","0","","0","","","0.0000","0.1150","0.1150","0.1150","0.1150","0.1150"
"2007-09-19","ABL","0","","0","0.1150","0.0000","0.0000","0.1150","0.1150","0.1150","0.1150","0.1150"
"2007-09-20","ABL","0","","2200","0.1150","0.0000","0.0000","0.1150","0.1150","0.1150","0.1150","0.1150"
"2007-09-21","ABL","0","","200","","","0.0000","0.1150","0.1150","0.1150","0.1150","0.1150"
"2007-09-24","ABL","0","","0","","","0.0000","0.1150","0.1150","0.1150","0.1150","0.1150"
"2007-09-25","ABL","0","","0","","","0.0000","0.1150","0.1150","0.1150","0.1150","0.1150"
"2007-09-26","ABL","0","","0","","","0.0000","0.1150","0.1150","0.1150","0.1150","0.1150"
"2007-09-27","ABL","0","","0","","","0.0000","0.1150","0.1150","0.1150","0.1150","0.1150"
"2007-09-28","ABL","0","","0","","","0.0000","0.1150","0.1150","0.1150","0.1150","0.1150"
"2007-10-01","ABL","0","","0","","","0.0000","0.1150","0.1150","0.1150","0.1150","0.1150"
"2007-10-02","ABL","0","","400","","","0.0000","0.1150","0.1150","0.1150","0.1150","0.1150"
"2007-10-03","ABL","0","","0","","","0.0000","0.1150","0.1150","0.1150","0.1150","0.1150"
"2007-10-04","ABL","0","","0","","","0.0000","0.1150","0.1150","0.1150","0.1150","0.1150"
"2007-10-05","ABL","0","","0","","","0.0000","0.1150","0.1150","0.1150","0.1150","0.1150"
"2007-10-08","ABL","0","","0","","","0.0000","0.1150","0.1150","0.1150","0.1150","0.1150"
"2007-10-09","ABL","0","","0","","","0.0000","0.1150","0.1150","0.1150","0.1150","0.1150"
"2007-10-10","ABL","0","","0","","","0.0000","0.1150","0.1150","0.1150","0.1150","0.1150"
"2007-10-11","ABL","0","","0","","","0.0000","0.1150","0.1150","0.1150","0.1150","0.1150"
"2007-10-12","ABL","0","","0","","","0.0000","0.1150","0.1150","0.1150","0.1150","0.1150"
"2007-10-16","ABL","0","","0","","","0.0000","0.1150","0.1150","0.1150","0.1150","0.1150"
"2007-10-17","ABL","0","","0","","","0.0000","0.1150","0.1150","0.1150","0.1150","0.1150"
"2007-10-18","ABL","0","","0","","","0.0000","0.1150","0.1150","0.1150","0.1150","0.1150"
"2007-10-19","ABL","0","","400","","","0.0000","0.1150","0.1150","0.1150","0.1150","0.1150"
"2007-10-22","ABL","0","","0","","","0.0000","0.1150","0.1150","0.1150","0.1150","0.1150"
"2007-10-23","ABL","0","","0","0.1150","0.0000","0.0000","0.1150","0.1150","0.1150","0.1150","0.1150"
"2007-10-24","ABL","0","","0","","","0.0000","0.1150","0.1150","0.1150","0.1150","0.1150"
"2007-10-25","ABL","0","","1800","0.1150","0.0000","0.0000","0.1150","0.1150","0.1150","0.1150","0.1150"
"2007-10-26","ABL","0","","0","","","0.0000","0.1150","0.1150","0.1150","0.1150","0.1150"
"2007-10-29","ABL","0","","0","","","0.0000","0.1150","0.1150","0.1150","0.1150","0.1150"
"2007-10-30","ABL","0","","0","","","0.0000","0.1150","0.1150","0.1150","0.1150","0.1150"
"2007-10-31","ABL","0","","0","0.1150","0.0000","0.0000","0.1150","0.1150","0.1150","0.1150","0.1150"
"2007-11-01","ABL","0","","0","","","0.0000","0.1150","0.1150","0.1150","0.1150","0.1150"
"2007-11-02","ABL","0","","0","0.0000","0.0000","0.0000","0.1150","0.1150","0.1150","0.1150","0.1150"
"2007-11-05","ABL","0","","0","","","0.0000","0.1150","0.1150","0.1150","0.1150","0.1150"
"2007-11-06","ABL","0","","0","","","0.0000","0.1150","0.1150","0.1150","0.1150","0.1150"
"2007-11-07","ABL","0","","0","","","0.0000","0.1150","0.1150","0.1150","0.1150","0.1150"
"2007-11-08","ABL","0","","0","0.1150","0.0000","0.0000","0.1150","0.1150","0.1150","0.1150","0.1150"
"2007-11-12","ABL","0","","0","0.1150","0.0000","0.0000","0.1150","0.1150","0.1150","0.1150","0.1150"
"2007-11-13","ABL","0","","0","","","","0.1150","0.1150","0.1150","0.1150","0.1150"
"2007-11-14","ABL","0","","0","","","0.0000","0.1150","0.1150","0.1150","0.1150","0.1150"
"2007-11-15","ABL","0","","0","","","0.0000","0.1150","0.1150","0.1150","0.1150","0.1150"
"2007-11-16","ABL","0","","0","","","0.0000","0.1150","0.1150","0.1150","0.1150","0.1150"
"2007-11-19","ABL","0","","0","0.1150","0.0000","0.0000","0.1150","0.1150","0.1150","0.1150","0.1150"
"2007-11-20","ABL","0","","400","","","0.0000","0.1150","0.1150","0.1150","0.1150","0.1150"
"2007-11-21","ABL","0","","0","0.1150","0.0000","0.0000","0.1150","0.1150","0.1150","0.1150","0.1150"
"2007-11-22","ABL","0","","0","0.1150","0.0000","0.0000","0.1150","0.1150","0.1150","0.1150","0.1150"
"2007-11-23","ABL","0","","100","0.1150","0.0000","0.0000","0.1150","0.1150","0.1150","0.1150","0.1150"
"2007-11-26","ABL","0","","0","0.1150","0.0000","0.0000","0.1150","0.1150","0.1150","0.1150","0.1150"
"2007-11-27","ABL","0","","0","0.1150","0.0000","0.0000","0.1150","0.1150","0.1150","0.1150","0.1150"
"2007-11-28","ABL","0","","100","0.1150","0.0000","0.0000","0.1150","0.1150","0.1150","0.1150","0.1150"
"2007-11-29","ABL","0","","0","0.1150","0.0000","0.0000","0.1150","0.1150","0.1150","0.1150","0.1150"
"2007-11-30","ABL","0","","1000","0.1150","0.0000","0.0000","0.1150","0.1150","0.1150","0.1150","0.1150"
"2007-12-03","ABL","0","","0","0.1150","0.0000","0.0000","0.1150","0.1150","0.1150","0.1150","0.1150"
"2007-12-04","ABL","0","","0","0.1150","0.0000","0.0000","0.1150","0.1150","0.1150","0.1150","0.1150"
"2007-12-05","ABL","0","","0","0.1150","0.0000","0.0000","0.1150","0.1150","0.1150","0.1150","0.1150"
"2007-12-06","ABL","0","","0","0.1150","0.0000","0.0000","0.1150","0.1150","0.1150","0.1150","0.1150"
"2007-12-10","ABL","0","","0","0.1150","0.0000","0.0000","0.1150","0.1150","0.1150","0.1150","0.1150"
"2007-12-11","ABL","0","","0","0.1150","0.0000","0.0000","0.1150","0.1150","0.1150","0.1150","0.1150"
"2007-12-12","ABL","0","","0","0.1150","0.0000","0.0000","0.1150","0.1150","0.1150","0.1150","0.1150"
"2007-12-13","ABL","0","","0","","","0.0000","0.1150","0.1150","0.1150","0.1150","0.1150"
"2007-12-14","ABL","0","","0","0.1150","0.0000","0.0000","0.1150","0.1150","0.1150","0.1150","0.1150"
"2007-12-17","ABL","0","","0","","","0.0000","0.1150","0.1150","0.1150","0.1150","0.1150"
"2007-12-18","ABL","0","","0","","","0.0000","0.1150","0.1150","0.1150","0.1150","0.1150"
"2007-12-20","ABL","0","","0","","","0.0000","0.1150","0.1150","0.1150","0.1150","0.1150"
"2007-12-21","ABL","0","","100","","","0.0000","0.1150","0.1150","0.1150","0.1150","0.1150"
"2007-12-24","ABL","0","","0","","","0.0000","0.1150","0.1150","0.1150","0.1150","0.1150"
"2007-12-24","ABL","0","","0","","","0.0000","0.1150","0.1150","0.1150","0.1150","0.1150"
"2007-12-27","ABL","0","","0","","","0.0000","0.1150","0.1150","0.1150","0.1150","0.1150"
"2007-12-28","ABL","0","","0","","","0.0000","0.1150","0.1150","0.1150","0.1150","0.1150"
"2007-12-31","ABL","0","","0","","","0.0000","0.1150","0.1150","0.1150","0.1150","0.1150"
"2008-01-02","ABL","0","","0","","","0.0000","0.1150","0.1150","0.1150","0.1150","0.1150"
"2008-01-03","ABL","0","","100","","","0.0000","0.1150","0.1150","0.1150","0.1150","0.1150"
"2008-01-04","ABL","0","","0","","","0.0000","0.1150","0.1150","0.1150","0.1150","0.1150"
"2008-01-07","ABL","0","","0","","","0.0000","0.1150","0.1150","0.1150","0.1150","0.1150"
"2008-01-08","ABL","0","","0","","","0.0000","0.1150","0.1150","0.1150","0.1150","0.1150"
"2008-01-09","ABL","0","","0","","","0.0000","0.1150","0.1150","0.1150","0.1150","0.1150"
"2008-01-10","ABL","0","","0","","","0.0000","0.1150","0.1150","0.1150","0.1150","0.1150"
"2008-01-11","ABL","0","","0","","","0.0000","0.1150","0.1150","0.1150","0.1150","0.1150"
"2008-01-14","ABL","0","","0","","","0.0000","0.1150","0.1150","0.1150","0.1150","0.1150"
"2008-01-15","ABL","0","","0","","","0.0000","0.1150","0.1150","0.1150","0.1150","0.1150"
"2008-01-16","ABL","0","","0","","","0.0000","0.1150","0.1150","0.1150","0.1150","0.1150"
"2008-01-17","ABL","0","","","","","0.0000","0.1150","0.1150","0.1150","0.1150","0.1150"
"2008-01-18","ABL","0","","0","","","0.0000","0.1150","0.1150","0.1150","0.1150","0.1150"
"2008-01-21","ABL","0","","0","","","0.0000","0.1150","0.1150","0.1150","0.1150","0.1150"
"2008-01-22","ABL","0","","0","","","0.0000","0.1150","0.1150","0.1150","0.1150","0.1150"
"2008-01-23","ABL","0","","0","","","0.0000","0.1150","0.1150","0.1150","0.1150","0.1150"
"2008-01-24","ABL","0","","0","","","0.0000","0.1150","0.1150","0.1150","0.1150","0.1150"
"2008-01-25","ABL","0","","0","","","0.0000","0.1150","0.1150","0.1150","0.1150","0.1150"
"2008-01-28","ABL","0","","0","","","0.0000","0.1150","0.1150","0.1150","0.1150","0.1150"
"2008-01-29","ABL","0","","0","","","0.0000","0.1150","0.1150","0.1150","0.1150","0.1150"
"2008-01-30","ABL","0","","0","0.1150","0.0000","0.0000","0.1150","0.1150","0.1150","0.1150","0.1150"
"2008-01-31","ABL","0","","0","","","0.0000","0.1150","0.1150","0.1150","0.1150","0.1150"
"2008-02-01","ABL","0","","0","0.1150","0.0000","0.0000","0.1150","0.1150","0.1150","0.1150","0.1150"
"2008-02-04","ABL","0","","0","0.1150","0.0000","0.0000","0.1150","0.1150","0.1150","0.1150","0.1150"
"2008-02-05","ABL","0","","0","","","","0.1150","0.1150","0.1150","0.1150","0.1150"
"2008-02-06","ABL","0","","0","0.1150","0.0000","0.0000","0.1150","0.1150","0.1150","0.1150","0.1150"
"2008-02-07","ABL","0","","0","","","0.0000","0.1150","0.1150","0.1150","0.1150","0.1150"
"2008-02-08","ABL","0","","0","","","0.0000","0.1150","0.1150","0.1150","0.1150","0.1150"
"2008-02-11","ABL","0","","0","","","0.0000","0.1150","0.1150","0.1150","0.1150","0.1150"
"2008-02-12","ABL","0","","1600","","","0.0000","0.1150","0.1150","0.1150","0.1150","0.1150"
"2008-02-13","ABL","0","","0","0.1150","0.0000","0.0000","0.1150","0.1150","0.1150","0.1150","0.1150"
"2008-02-14","ABL","0","","0","","","0.0000","0.1150","0.1150","0.1150","0.1150","0.1150"
"2008-02-15","ABL","0","","0","","","0.0000","0.1150","0.1150","0.1150","0.1150","0.1150"
"2008-02-18","ABL","0","","0","","","0.0000","0.1150","0.1150","0.1150","0.1150","0.1150"
"2008-02-19","ABL","0","","0","0.1150","0.0000","0.0000","0.1150","0.1150","0.1150","0.1150","0.1150"
"2008-02-20","ABL","0","","0","0.1150","0.0000","0.0000","0.1150","0.1150","0.1150","0.1150","0.1150"
"2008-02-21","ABL","0","","0","0.1150","0.0000","0.0000","0.1150","0.1150","0.1150","0.1150","0.1150"
"2008-02-22","ABL","0","","0","","","0.0000","0.1150","0.1150","0.1150","0.1150","0.1150"
"2008-02-25","ABL","0","","0","","","0.0000","0.1150","0.1150","0.1150","0.1150","0.1150"
"2008-02-26","ABL","0","","200","0.1150","0.0000","0.0000","0.1150","0.1150","0.1150","0.1150","0.1150"
"2008-02-27","ABL","0","","0","","","0.0000","0.1150","0.1150","0.1150","0.1150","0.1150"
"2008-02-28","ABL","0","","0","0.1150","0.0000","0.0000","0.1150","0.1150","0.1150","0.1150","0.1150"
"2008-02-29","ABL","0","","0","","","0.0000","0.1150","0.1150","0.1150","0.1150","0.1150"
"2008-03-03","ABL","0","","0","0.1150","0.0000","0.0000","0.1150","0.1150","0.1150","0.1150","0.1150"
"2008-03-04","ABL","0","","0","","","0.0000","0.1150","0.1150","0.1150","0.1150","0.1150"
"2008-03-05","ABL","0","","0","","","0.0000","0.1150","0.1150","0.1150","0.1150","0.1150"
"2008-03-07","ABL","0","","0","0.1150","0.0000","0.0000","0.1150","0.1150","0.1150","0.1150","0.1150"
"2008-03-10","ABL","0","","0","","","0.0000","0.1150","0.1150","0.1150","0.1150","0.1150"
"2008-03-11","ABL","0","","0","0.1150","0.0000","0.0000","0.1150","0.1150","0.1150","0.1150","0.1150"
"2008-03-12","ABL","0","","0","0.1150","","0.0000","0.1150","0.1150","0.1150","0.1150","0.1150"
"2008-03-13","ABL","0","","0","","","0.0000","0.1150","0.1150","0.1150","0.1150","0.1150"
"2008-03-14","ABL","0","","0","0.1150","","0.0000","0.1150","0.1150","0.1150","0.1150","0.1150"
"2008-03-17","ABL","0","","0","","","0.0000","0.1150","0.1150","0.1150","0.1150","0.1150"
"2008-03-18","ABL","0","","0","0.1150","","0.0000","0.1150","0.1150","0.1150","0.1150","0.1150"
"2008-03-19","ABL","0","","0","","","0.0000","0.1150","0.1150","0.1150","0.1150","0.1150"
"2008-03-20","ABL","0","","0","","","0.0000","0.1150","0.1150","0.1150","0.1150","0.1150"
"2008-03-25","ABL","0","","0","","","0.0000","0.1150","0.1150","0.1150","0.1150","0.1150"
"2008-03-26","ABL","0","","0","","","0.0000","0.1150","0.1150","0.1150","0.1150","0.1150"
"2008-03-27","ABL","0","","100","","","0.0000","0.1150","0.1150","0.1150","0.1150","0.1150"
"2008-03-28","ABL","0","","200","","","0.0000","0.1150","0.1150","0.1150","0.1150","0.1150"
"2008-03-31","ABL","0","","0","","0.1150","0.0000","0.1150","0.1150","0.1150","0.1150","0.1150"
"2008-04-01","ABL","0","","0","","","0.0000","0.1150","0.1150","0.1150","0.1150","0.1150"
"2008-04-02","ABL","0","","0","","","0.0000","0.1150","0.1150","0.1150","0.1150","0.1150"
"2008-04-03","ABL","0","","0","0.1150","","0.0000","0.1150","0.1150","0.1150","0.1150","0.1150"
"2008-04-04","ABL","0","","0","","","0.0000","0.1150","0.1150","0.1150","0.1150","0.1150"
"2008-04-07","ABL","0","","0","","","0.0000","0.1150","0.1150","0.1150","0.1150","0.1150"
"2008-04-08","ABL","0","","13900","0.1150","","0.0000","0.1150","0.1150","0.1150","0.1150","0.1150"
"2008-04-09","ABL","0","","0","0.1150","","0.0000","0.1150","0.1150","0.1150","0.1150","0.1150"
"2008-04-10","ABL","0","","0","","","0.0000","0.1150","0.1150","0.1150","0.1150","0.1150"
"2008-04-11","ABL","0","","1500","0.1150","","0.0000","0.1150","0.1150","0.1150","0.1150","0.1150"
"2008-04-14","ABL","0","","0","","","0.0000","0.1150","0.1150","0.1150","0.1150","0.1150"
"2008-04-16","ABL","0","","0","","","0.0000","0.1150","0.1150","0.1150","0.1150","0.1150"
"2008-04-17","ABL","0","","0","","","0.0000","0.1150","0.1150","0.1150","0.1150","0.1150"
"2008-04-18","ABL","0","","0","","","0.0000","0.1150","0.1150","0.1150","0.1150","0.1150"
"2008-04-21","ABL","0","","0","","","0.0000","0.1150","0.1150","0.1150","0.1150","0.1150"
"2008-04-22","ABL","0","","0","0.1150","0.0000","0.0000","0.1150","0.1150","0.1150","0.1150","0.1150"
"2008-04-23","ABL","0","","0","","","0.0000","0.1150","0.1150","0.1150","0.1150","0.1150"
"2008-04-24","ABL","0","","1000","0.0000","0.0000","0.0000","0.1150","0.1150","0.1150","0.1150","0.1150"
"2008-04-25","ABL","0","","0","","","0.0000","0.1150","0.1150","0.1150","0.1150","0.1150"
"2008-04-28","ABL","0","","0","","0.1150","0.0000","0.1150","0.1150","0.1150","0.1150","0.1150"
"2008-04-29","ABL","0","","0","","","0.0000","0.1150","0.1150","0.1150","0.1150","0.1150"
"2008-04-30","ABL","0","","0","","","0.0000","0.1150","0.1150","0.1150","0.1150","0.1150"
"2008-05-02","ABL","0","","0","0.1150","","0.0000","0.1150","0.1150","0.1150","0.1150","0.1150"
"2008-05-05","ABL","0","","0","0.1150","","0.0000","0.1150","0.1150","0.1150","0.1150","0.1150"
"2008-05-06","ABL","0","","8000","0.1150","","0.0000","0.1150","0.1150","0.1150","0.1150","0.1150"
"2008-05-07","ABL","0","","0","","","0.0000","0.1150","0.1150","0.1150","0.1150","0.1150"
"2008-05-08","ABL","0","","200","","","0.0000","0.1150","0.1150","0.1150","0.1150","0.1150"
"2008-05-09","ABL","0","","0","","","0.0000","0.1150","0.1150","0.1150","0.1150","0.1150"
"2008-05-12","ABL","0","","0","0.1150","0.0000","0.0000","0.1150","0.1150","0.1150","0.1150","0.1150"
"2008-05-13","ABL","0","","0","","","0.0000","0.1150","0.1150","0.1150","0.1150","0.1150"
"2008-05-14","ABL","0","","0","0.1150","0.0000","0.0000","0.1150","0.1150","0.1150","0.1150","0.1150"
"2008-05-15","ABL","0","","0","","","0.0000","0.1150","0.1150","0.1150","0.1150","0.1150"
"2008-05-16","ABL","0","","0","","","0.0000","0.1150","0.1150","0.1150","0.1150","0.1150"
"2008-05-19","ABL","0","","0","","","0.0000","0.1150","0.1150","0.1150","0.1150","0.1150"
"2008-05-20","ABL","0","","0","","","0.0000","0.1150","0.1150","0.1150","0.1150","0.1150"
"2008-05-21","ABL","0","","0","","","0.0000","0.1150","0.1150","0.1150","0.1150","0.1150"
"2008-05-22","ABL","0","","0","","","0.0000","0.1150","0.1150","0.1150","0.1150","0.1150"
"2008-05-23","ABL","0","","0","","","0.0000","0.1150","0.1150","0.1150","0.1150","0.1150"
"2008-05-27","ABL","0","","0","","","0.0000","0.1150","0.1150","0.1150","0.1150","0.1150"
"2008-05-28","ABL","0","","0","0.1150","0.0000","0.0000","0.1150","0.1150","0.1150","0.1150","0.1150"
"2008-05-29","ABL","0","","0","","","0.0000","0.1150","0.1150","0.1150","0.1150","0.1150"
"2008-05-30","ABL","0","","200","","","0.0000","0.1150","0.1150","0.1150","0.1150","0.1150"
"2008-06-02","ABL","0","","0","0.1150","0.0000","0.0000","0.1150","0.1150","0.1150","0.1150","0.1150"
"2008-06-03","ABL","0","","0","","","0.0000","0.1150","0.1150","0.1150","0.1150","0.1150"
"2008-06-04","ABL","0","","0","","","0.0000","0.1150","0.1150","0.1150","0.1150","0.1150"
"2008-06-05","ABL","0","","0","","","0.0000","0.1150","0.1150","0.1150","0.1150","0.1150"
"2008-06-06","ABL","0","","0","","","0.0000","0.1150","0.1150","0.1150","0.1150","0.1150"
"2008-06-09","ABL","0","","0","","","0.0000","0.1150","0.1150","0.1150","0.1150","0.1150"
"2008-06-10","ABL","0","","800","","","0.0000","0.1150","0.1150","0.1150","0.1150","0.1150"
"2008-06-11","ABL","0","","0","","","0.0000","0.1150","0.1150","0.1150","0.1150","0.1150"
"2008-06-12","ABL","0","","0","","","0.0000","0.1150","0.1150","0.1150","0.1150","0.1150"
"2008-06-13","ABL","0","","0","0.1150","0.0000","0.0000","0.1150","0.1150","0.1150","0.1150","0.1150"
"2008-06-16","ABL","0","","100","","","0.0000","0.1150","0.1150","0.1150","0.1150","0.1150"
"2008-06-17","ABL","0","","0","","","0.0000","0.1150","0.1150","0.1150","0.1150","0.1150"
"2008-06-18","ABL","0","","0","0.0000","0.0000","0.0000","0.1150","0.1150","0.1150","0.1150","0.1150"
"2008-06-19","ABL","0","","0","0.0000","0.0000","0.0000","0.1150","0.1150","0.1150","0.1150","0.1150"
"2008-06-20","ABL","0","","0","0.0000","0.0000","0.0000","0.1150","0.1150","0.1150","0.1150","0.1150"
"2008-06-23","ABL","0","","0","","","0.0000","0.1150","0.1150","0.1150","0.1150","0.1150"
"2008-06-24","ABL","0","","0","","","0.0000","0.1150","0.1150","0.1150","0.1150","0.1150"
"2008-06-25","ABL","0","","0","","","0.0000","0.1150","0.1150","0.1150","0.1150","0.1150"
"2008-06-26","ABL","0","","0","","","0.0000","0.1150","0.1150","0.1150","0.1150","0.1150"
"2008-06-27","ABL","0","","0","","","0.0000","0.1150","0.1150","0.1150","0.1150","0.1150"
"2008-06-30","ABL","0","","200","0.1150","0.0000","0.0000","0.1150","0.1150","0.1150","0.1150","0.1150"
"2008-07-02","ABL","0","","0","","","0.0000","0.1150","0.1150","0.1150","0.1150","0.1150"
"2008-07-03","ABL","0","","0","","","0.0000","0.1150","0.1150","0.1150","0.1150","0.1150"
"2008-07-04","ABL","0","","31800","","","0.0000","0.1150","0.1150","0.1150","0.1150","0.1150"
"2008-07-07","ABL","0","","0","","","0.0000","0.1150","0.1150","0.1150","0.1150","0.1150"
"2008-07-08","ABL","0","","0","","","0.0000","0.1200","0.1200","0.1200","0.1150","0.1150"
"2008-07-09","ABL","0","","0","","","0.0000","0.1200","0.1200","0.1200","0.1150","0.1150"
"2008-07-10","ABL","0","","0","","","0.0000","0.1200","0.1200","0.1200","0.1150","0.1150"
"2008-07-11","ABL","0","","0","","","0.0000","0.1200","0.1200","0.1200","0.1150","0.1150"
"2008-07-14","ABL","0","","100","0.1200","0.0000","0.0000","0.1200","0.1200","0.1200","0.1150","0.1150"
"2008-07-15","ABL","0","","0","","","0.0000","0.1200","0.1200","0.1200","0.1150","0.1150"
"2008-07-16","ABL","0","","0","","","0.0000","0.1200","0.1200","0.1200","0.1150","0.1150"
"2008-07-17","ABL","0","","0","","","0.0000","0.1200","0.1200","0.1200","0.1150","0.1150"
"2008-07-18","ABL","0","","0","","","0.0000","0.1200","0.1200","0.1200","0.1150","0.1150"
"2008-07-21","ABL","0","","0","","","0.0000","0.1200","0.1200","0.1200","0.1150","0.1150"
"2008-07-22","ABL","0","","0","","","0.0000","","0.1200","0.1200","0.1150","0.1150"
"2008-07-23","ABL","0","","200","","","0.0000","0.1200","0.1200","0.1200","0.1150","0.1150"
"2008-07-24","ABL","0","","0","","","0.0000","0.1200","0.1200","0.1200","0.1150","0.1150"
"2008-07-25","ABL","0","","0","","","0.0000","0.1200","0.1200","0.1200","0.1150","0.1150"
"2008-07-28","ABL","0","","0","0.1200","0.0000","0.0000","0.1200","0.1200","0.1200","0.1150","0.1150"
"2008-07-29","ABL","0","","0","","","0.0000","0.1200","0.1200","0.1200","0.1150","0.1150"
"2008-07-30","ABL","0","","0","","","0.0000","0.1200","0.1200","0.1200","0.1150","0.1150"
"2008-07-31","ABL","0","","0","","","0.0000","0.1200","0.1200","0.1200","0.1150","0.1150"
"2008-08-01","ABL","0","","0","","","0.0000","0.1200","0.1200","0.1200","0.1150","0.1150"
"2008-08-04","ABL","0","","0","","","0.0000","0.1200","0.1200","0.1200","0.1150","0.1150"
"2008-08-05","ABL","0","","0","","","0.0000","0.1200","0.1200","0.1200","0.1150","0.1150"
"2008-08-06","ABL","0","","0","0.1200","0.0000","0.0000","0.1200","0.1200","0.1200","0.1150","0.1150"
"2008-08-07","ABL","0","","0","","","0.0000","0.1200","0.1200","0.1200","0.1150","0.1150"
"2008-08-08","ABL","0","","0","0.1200","0.0000","0.0000","0.1200","0.1200","0.1200","0.1150","0.1150"
"2008-08-11","ABL","0","","0","0.1200","0.0000","0.0000","0.1200","0.1200","0.1200","0.1150","0.1150"
"2008-08-12","ABL","0","","0","","","0.0000","0.1200","0.1200","0.1200","0.1150","0.1150"
"2008-08-13","ABL","0","","0","0.1200","0.0000","0.0000","0.1200","0.1200","0.1200","0.1150","0.1150"
"2008-08-14","ABL","0","","0","0.1200","0.0000","0.0000","0.1200","0.1200","0.1200","0.1150","0.1150"
"2008-08-15","ABL","0","","100","","","0.0000","0.1200","0.1200","0.1200","0.1150","0.1150"
"2008-08-18","ABL","0","","0","0.1200","0.0000","0.0000","0.1200","0.1200","0.1200","0.1150","0.1150"
"2008-08-19","ABL","0","","0","0.1200","0.0000","0.0000","0.1200","0.1200","0.1200","0.1150","0.1150"
"2008-08-20","ABL","0","","0","","","0.0000","0.1200","0.1200","0.1200","0.1150","0.1150"
"2008-08-21","ABL","0","","0","","","0.0000","0.1200","0.1200","0.1200","0.1150","0.1150"
"2008-08-22","ABL","0","","1000","0.1200","0.0000","0.0000","0.1200","0.1200","0.1200","0.1150","0.1150"
"2008-08-25","ABL","0","","0","","","0.0000","0.1200","0.1200","0.1200","0.1150","0.1150"
"2008-08-26","ABL","0","","0","","","0.0000","0.1200","0.1200","0.1200","0.1150","0.1150"
"2008-08-27","ABL","0","","0","","","0.0000","0.1200","0.1200","0.1200","0.1150","0.1150"
"2008-08-28","ABL","0","","0","","","0.0000","0.1200","0.1200","0.1200","0.1150","0.1150"
"2008-08-29","ABL","0","","0","","","0.0000","0.1200","0.1200","0.1200","0.1150","0.1150"
"2008-09-01","ABL","0","","200","","","0.0000","0.1200","0.1200","0.1200","0.1150","0.1150"
"2008-09-02","ABL","0","","0","0.1200","0.0000","0.0000","0.1200","0.1200","0.1200","0.1150","0.1150"
"2008-09-03","ABL","0","","0","","","0.0000","0.1200","0.1200","0.1200","0.1150","0.1150"
"2008-09-04","ABL","0","","0","","","0.0000","0.1200","0.1200","0.1200","0.1150","0.1150"
"2008-09-05","ABL","0","","0","","","0.0000","0.1200","0.1200","0.1200","0.1150","0.1150"
"2008-09-08","ABL","0","","0","","","0.0000","0.1200","0.1200","0.1200","0.1150","0.1150"
"2008-09-09","ABL","0","","0","","","0.0000","0.1200","0.1200","0.1200","0.1150","0.1150"
"2008-09-10","ABL","0","","1500","0.1100","0.0000","0.0000","0.1200","0.1200","0.1200","0.1150","0.1150"
"2008-09-11","ABL","0","","0","","","0.0000","0.1200","0.1200","0.1200","0.1150","0.1150"
"2008-09-12","ABL","0","","0","","","0.0000","0.1200","0.1200","0.1200","0.1150","0.1150"
"2008-09-15","ABL","0","","0","","","0.0000","0.1200","0.1200","0.1200","0.1150","0.1150"
"2008-09-16","ABL","0","","0","","","0.0000","0.1200","0.1200","0.1200","0.1150","0.1150"
"2008-09-17","ABL","0","","0","","","0.0000","0.1200","0.1200","0.1200","0.1150","0.1150"
"2008-09-18","ABL","0","","0","","","0.0000","0.1200","0.1200","0.1200","0.1150","0.1150"
"2008-09-19","ABL","0","","100","0.1200","0.0000","0.0000","0.1200","0.1200","0.1200","0.1150","0.1150"
"2008-09-22","ABL","0","","0","","","0.0000","0.1200","0.1200","0.1200","0.1150","0.1150"
"2008-09-23","ABL","0","","0","","","0.0000","0.1200","0.1200","0.1200","0.1150","0.1150"
"2008-09-24","ABL","0","","0","","","0.0000","0.1200","0.1200","0.1200","0.1150","0.1150"
"2008-09-25","ABL","0","","0","","","0.0000","0.1200","0.1200","0.1200","0.1150","0.1150"
"2008-09-26","ABL","0","","0","","","0.0000","0.1200","0.1200","0.1200","0.1150","0.1150"
"2008-09-29","ABL","0","","0","","","0.0000","0.1200","0.1200","0.1200","0.1150","0.1150"
"2008-10-01","ABL","0","","0","","","0.0000","0.1200","0.1200","0.1200","0.1150","0.1150"
"2008-10-02","ABL","0","","0","","","0.0000","0.1200","0.1200","0.1200","0.1150","0.1150"
"2008-10-03","ABL","0","","0","","","0.0000","0.1200","0.1200","0.1200","0.1150","0.1150"
"2008-10-06","ABL","0","","1000","","","0.0000","0.1200","0.1200","0.1200","0.1150","0.1150"
"2008-10-07","ABL","0","","0","0.1200","0.0000","0.0000","0.1200","0.1200","0.1200","0.1150","0.1150"
"2008-10-08","ABL","0","","0","","","0.0000","0.1200","0.1200","0.1200","0.1150","0.1150"
"2008-10-09","ABL","0","","0","","","0.0000","0.1200","0.1200","0.1200","0.1150","0.1150"
"2008-10-10","ABL","0","","0","","","0.0000","0.1200","0.1200","0.1200","0.1150","0.1150"
"2008-10-13","ABL","0","","0","0.1000","0.1000","0.0000","0.1200","0.1200","0.1200","0.1150","0.1150"
"2008-10-14","ABL","0","","0","","","0.0000","0.1200","0.1200","0.1200","0.1150","0.1150"
"2008-10-15","ABL","0","","0","0.0000","","0.0000","0.1200","0.1200","0.1200","0.1150","0.1150"
"2008-10-17","ABL","0","","0","0.1200","0.1200","0.1200","0.1200","0.1200","0.1200","0.1150","0.1150"
"2008-10-17","ABL","0","","0","0.1200","0.1200","0.0000","0.1200","0.1200","0.1200","0.1150","0.1150"
"2008-10-17","ABL","0","","0","0.1200","0.1200","0.1200","0.1200","0.1200","0.1200","0.1150","0.1150"
"2008-10-20","ABL","0","","0","0.0000","","0.0000","0.1200","0.1200","0.1200","0.1150","0.1150"
"2008-10-21","ABL","0","","0","0.1200","0.0000","0.0000","0.1200","0.1200","0.1200","0.1150","0.1150"
"2008-10-22","ABL","0","","0","","","0.0000","0.1200","0.1200","0.1200","0.1150","0.1150"
"2008-10-23","ABL","0","","0","0.0000","0.0000","0.0000","0.1200","0.1200","0.1200","0.1150","0.1150"
"2008-10-24","ABL","0","","0","","","0.0000","0.1200","0.1200","0.1200","0.1150","0.1150"
"2008-10-27","ABL","0","","0","","","0.0000","0.1200","0.1200","0.1200","0.1150","0.1150"
"2008-10-28","ABL","0","","0","","","0.0000","0.1200","0.1200","0.1200","0.1150","0.1150"
"2008-10-29","ABL","0","","0","","","0.0000","0.1200","0.1200","0.1200","0.1150","0.1150"
"2008-10-30","ABL","0","","0","","","0.0000","0.1200","0.1200","0.1200","0.1150","0.1150"
"2008-10-31","ABL","0","","0","","","0.0000","0.1200","0.1200","0.1200","0.1150","0.1150"
"2008-11-03","ABL","0","","0","","","0.0000","0.1200","0.1200","0.1200","0.1150","0.1150"
"2008-11-04","ABL","0","","100","","","0.0000","0.1200","0.1200","0.1200","0.1150","0.1150"
"2008-11-05","ABL","0","","0","","","0.0000","0.1200","0.1200","0.1200","0.1150","0.1150"
"2008-11-06","ABL","0","","0","","","0.0000","0.1200","0.1200","0.1200","0.1150","0.1150"
"2008-11-07","ABL","0","","0","","","0.0000","0.1200","0.1200","0.1200","0.1150","0.1150"
"2008-11-10","ABL","0","","0","","","0.0000","0.1200","0.1200","0.1200","0.1150","0.1150"
"2008-11-11","ABL","0","","0","","","0.0000","0.1200","0.1200","0.1200","0.1150","0.1150"
"2008-11-12","ABL","0","","0","0.0000","0.0000","0.0000","0.1200","0.1200","0.1200","0.1150","0.1150"
"2008-11-13","ABL","0","","0","","","0.0000","0.1200","0.1200","0.1200","0.1150","0.1150"
"2008-11-14","ABL","0","","0","","","0.0000","0.1200","0.1200","0.1200","0.1150","0.1150"
"2008-11-17","ABL","0","","0","","","0.0000","0.1200","0.1200","0.1200","0.1150","0.1150"
"2008-11-18","ABL","0","","0","","","0.0000","0.1200","0.1200","0.1200","0.1150","0.1150"
"2008-11-19","ABL","0","","0","","","0.0000","0.1200","0.1200","0.1200","0.1150","0.1150"
"2008-11-20","ABL","0","","0","","","0.0000","0.1200","0.1200","0.1200","0.1150","0.1150"
"2008-11-21","ABL","0","","0","","","0.0000","0.1200","0.1200","0.1200","0.1150","0.1150"
"2008-11-24","ABL","0","","0","","","0.0000","0.1200","0.1200","0.1200","0.1150","0.1150"
"2008-11-25","ABL","0","","0","","","0.0000","0.1200","0.1200","0.1200","0.1150","0.1150"
"2008-11-26","ABL","0","","0","","","0.0000","0.1200","0.1200","0.1200","0.1150","0.1150"
"2008-11-27","ABL","0","","0","","","0.0000","0.1200","0.1200","0.1200","0.1150","0.1150"
"2008-11-28","ABL","0","","0","","","0.0000","0.1200","0.1200","0.1200","0.1150","0.1150"
"2008-12-01","ABL","0","","0","","","0.0000","0.1200","0.1200","0.1200","0.1150","0.1150"
"2008-12-02","ABL","0","","0","","","0.0000","0.1200","0.1200","0.1200","0.1150","0.1150"
"2008-12-03","ABL","0","","0","","","0.0000","0.1200","0.1200","0.1200","0.1150","0.1150"
"2008-12-04","ABL","0","","0","0.0000","0.0000","0.0000","0.1200","0.1200","0.1200","0.1150","0.1150"
"2008-12-09","ABL","0","","0","","","0.0000","0.1200","0.1200","0.1200","0.1150","0.1150"
"2008-12-10","ABL","0","","0","","","0.0000","0.1200","0.1200","0.1200","0.1150","0.1150"
"2008-12-11","ABL","0","","0","","","0.0000","0.1200","0.1200","0.1200","0.1150","0.1150"
"2008-12-12","ABL","0","","0","","","0.0000","0.1200","0.1200","0.1200","0.1150","0.1150"
"2008-12-15","ABL","0","","0","","","0.0000","0.1200","0.1200","0.1200","0.1150","0.1150"
"2008-12-16","ABL","0","","0","","","0.0000","0.1200","0.1200","0.1200","0.1150","0.1150"
"2008-12-17","ABL","0","","0","","","0.0000","0.1200","0.1200","0.1200","0.1150","0.1150"
"2008-12-17","ABL","0","","0","","","0.0000","0.1200","0.1200","0.1200","0.1150","0.1150"
"2008-12-18","ABL","0","","0","","","0.0000","","0.1200","0.1200","0.1150","0.1150"
"2008-12-18","ABL","0","","0","","","0.1200","0.1200","0.1200","0.1200","0.1150","0.1150"
"2008-12-19","ABL","0","","0","","","0.0000","0.1200","0.1200","0.1200","0.1150","0.1150"
"2008-12-22","ABL","0","","0","0.1200","0.0000","0.0000","0.1200","0.1200","0.1200","0.1150","0.1150"
"2008-12-23","ABL","0","","0","0.1200","0.0000","0.0000","0.1200","0.1200","0.1200","0.1150","0.1150"
"2008-12-24","ABL","0","","0","","","0.0000","0.1200","0.1200","0.1200","0.1150","0.1150"
"2008-12-29","ABL","0","","0","","","0.0000","0.1200","0.1200","0.1200","0.1150","0.1150"
"2008-12-30","ABL","0","","0","","","0.0000","0.1200","0.1200","0.1200","0.1150","0.1150"
"2008-12-31","ABL","0","","0","","","0.0000","0.1200","0.1200","0.1200","0.1150","0.1150"
"2009-01-02","ABL","0","","0","0.1200","0.0000","0.0000","0.1200","0.1200","0.1200","0.1200","0.1200"
"2009-01-05","ABL","0","","0","","","0.0000","0.1200","0.1200","0.1200","0.1200","0.1200"
"2009-01-06","ABL","0","","0","","","0.0000","0.1200","0.1200","0.1200","0.1200","0.1200"
"2009-01-07","ABL","0","","0","","","0.0000","0.1200","0.1200","0.1200","0.1200","0.1200"
"2009-01-08","ABL","0","","0","","","0.0000","0.1200","0.1200","0.1200","0.1200","0.1200"
"2009-01-09","ABL","0","","0","","","0.0000","0.1200","0.1200","0.1200","0.1200","0.1200"
"2009-01-12","ABL","0","","0","","","0.0000","0.1200","0.1200","0.1200","0.1200","0.1200"
"2009-01-13","ABL","0","","0","","","0.0000","0.1200","0.1200","0.1200","0.1200","0.1200"
"2009-01-14","ABL","0","","0","","","0.0000","0.1200","0.1200","0.1200","0.1200","0.1200"
"2009-01-15","ABL","0","","300","","","0.0000","0.1200","0.1200","0.1200","0.1200","0.1200"
"2009-01-16","ABL","0","","0","","","0.0000","0.1200","0.1200","0.1200","0.1200","0.1200"
"2009-01-19","ABL","0","","0","","","0.0000","0.1200","0.1200","0.1200","0.1200","0.1200"
"2009-01-20","ABL","0","","0","","","0.0000","0.1200","0.1200","0.1200","0.1200","0.1200"
"2009-01-21","ABL","0","","0","0.0000","0.0000","0.0000","0.1200","0.1200","0.1200","0.1200","0.1200"
"2009-01-22","ABL","0","","0","","","0.0000","0.1200","0.1200","0.1200","0.1200","0.1200"
"2009-01-23","ABL","0","","0","","","0.0000","0.1200","0.1200","0.1200","0.1200","0.1200"
"2009-01-26","ABL","0","","0","","","0.0000","0.1200","0.1200","0.1200","0.1200","0.1200"
"2009-01-27","ABL","0","","200","","","0.0000","0.1200","0.1200","0.1200","0.1200","0.1200"
"2009-01-28","ABL","0","","0","","","0.0000","0.1200","0.1200","0.1200","0.1200","0.1200"
"2009-01-29","ABL","0","","0","","","0.0000","0.1200","0.1200","0.1200","0.1200","0.1200"
"2009-01-30","ABL","0","","0","","","0.0000","0.1200","0.1200","0.1200","0.1200","0.1200"
"2009-02-02","ABL","0","","0","","","0.0000","0.1200","0.1200","0.1200","0.1200","0.1200"
"2009-02-03","ABL","0","","0","","","0.0000","0.1200","0.1200","0.1200","0.1200","0.1200"
"2009-02-04","ABL","0","","0","","","0.0000","0.1200","0.1200","0.1200","0.1200","0.1200"
"2009-02-05","ABL","0","","0","","","0.0000","0.1200","0.1200","0.1200","0.1200","0.1200"
"2009-02-06","ABL","0","","0","","","0.0000","0.1200","0.1200","0.1200","0.1200","0.1200"
"2009-02-09","ABL","0","","200","","","0.0000","0.1200","0.1200","0.1200","0.1200","0.1200"
"2009-02-10","ABL","0","","100","","","0.0000","0.1200","0.1200","0.1200","0.1200","0.1200"
"2009-02-11","ABL","0","","0","","","0.0000","0.1200","0.1200","0.1200","0.1200","0.1200"
"2009-02-12","ABL","0","","0","","","0.0000","0.1200","0.1200","0.1200","0.1200","0.1200"
"2009-02-13","ABL","0","","0","","","0.0000","0.1200","0.1200","0.1200","0.1200","0.1200"
"2009-02-16","ABL","0","","0","","","0.0000","0.1200","0.1200","0.1200","0.1200","0.1200"
"2009-02-17","ABL","0","","0","","","0.0000","0.1200","0.1200","0.1200","0.1200","0.1200"
"2009-02-18","ABL","0","","0","","","0.0000","0.1200","0.1200","0.1200","0.1200","0.1200"
"2009-02-19","ABL","0","","0","0.0000","","0.0000","0.1200","0.1200","0.1200","0.1200","0.1200"
"2009-02-20","ABL","0","","0","","","0.0000","0.1200","0.1200","0.1200","0.1200","0.1200"
"2009-02-23","ABL","0","","0","","","0.0000","0.1200","0.1200","0.1200","0.1200","0.1200"
"2009-02-24","ABL","0","","0","","","0.0000","0.1200","0.1200","0.1200","0.1200","0.1200"
"2009-02-25","ABL","0","","0","","","0.0000","0.1200","0.1200","0.1200","0.1200","0.1200"
"2009-02-26","ABL","0","","0","0.1100","0.0000","0.0000","0.1200","0.1200","0.1200","0.1200","0.1200"
"2009-02-27","ABL","0","","0","0.1100","0.0000","0.0000","0.1200","0.1200","0.1200","0.1200","0.1200"
"2009-03-02","ABL","0","","0","","","0.0000","0.1200","0.1200","0.1200","0.1200","0.1200"
"2009-03-03","ABL","0","","0","","","0.0000","0.1200","0.1200","0.1200","0.1200","0.1200"
"2009-03-04","ABL","0","","0","0.1200","0.0000","0.0000","0.1200","0.1200","0.1200","0.1200","0.1200"
"2009-03-05","ABL","0","","0","","","0.0000","0.1200","0.1200","0.1200","0.1200","0.1200"
"2009-03-09","ABL","0","","0","0.1200","0.0000","0.0000","0.1200","0.1200","0.1200","0.1200","0.1200"
"2009-03-10","ABL","0","","0","0.1200","0.0000","0.0000","0.1200","0.1200","0.1200","0.1200","0.1200"
"2009-03-11","ABL","0","","0","0.1200","0.0000","0.0000","0.1200","0.1200","0.1200","0.1200","0.1200"
"2009-03-12","ABL","0","","0","0.1200","0.0000","0.0000","0.1200","0.1200","0.1200","0.1200","0.1200"
"2009-03-13","ABL","0","","0","0.1200","0.0000","0.0000","0.1200","0.1200","0.1200","0.1200","0.1200"
"2009-03-16","ABL","0","","0","","","0.0000","0.1200","0.1200","0.1200","0.1200","0.1200"
"2009-03-17","ABL","0","","100","","","0.0000","0.1200","0.1200","0.1200","0.1200","0.1200"
"2009-03-18","ABL","0","","0","0.1200","0.0000","0.0000","0.1200","0.1200","0.1200","0.1200","0.1200"
"2009-03-19","ABL","0","","0","","","0.0000","0.1200","0.1200","0.1200","0.1200","0.1200"
"2009-03-20","ABL","0","","0","","","0.0000","0.1200","0.1200","0.1200","0.1200","0.1200"
"2009-03-23","ABL","0","","0","0.1200","0.0000","0.0000","0.1200","0.1200","0.1200","0.1200","0.1200"
"2009-03-24","ABL","0","","100","0.1200","0.0000","0.0000","0.1200","0.1200","0.1200","0.1200","0.1200"
"2009-03-25","ABL","0","","0","","","0.0000","0.1200","0.1200","0.1200","0.1200","0.1200"
"2009-03-26","ABL","0","","0","0.1200","0.0000","0.0000","0.1200","0.1200","0.1200","0.1200","0.1200"
"2009-03-27","ABL","0","","0","","","0.0000","0.1200","0.1200","0.1200","0.1200","0.1200"
"2009-03-30","ABL","0","","0","","","0.0000","0.1200","0.1200","0.1200","0.1200","0.1200"
"2009-03-31","ABL","0","","0","","","0.0000","0.1200","0.1200","0.1200","0.1200","0.1200"
"2009-04-01","ABL","0","","0","","","0.0000","0.1200","0.1200","0.1200","0.1200","0.1200"
"2009-04-02","ABL","0","","0","","","0.0000","0.1200","0.1200","0.1200","0.1200","0.1200"
"2009-04-03","ABL","0","","0","","","0.0000","0.1200","0.1200","0.1200","0.1200","0.1200"
"2009-04-23","ABL","0","","0","","","0.0000","0.1200","0.1200","0.1200","0.1200","0.1200"
"2009-04-24","ABL","0","","0","","","0.0000","0.1200","0.1200","0.1200","0.1200","0.1200"
"2009-04-27","ABL","0","","0","","","0.00","0.12","0.12","0.12","0.12","0.12"
"2009-04-28","ABL","0","","0","","","0.00","0.12","0.12","0.12","0.12","0.12"
"2009-04-29","ABL","0","","0","","","0.00","0.12","0.12","0.12","0.12","0.12"
"2009-04-30","ABL","0","","0","","","0.00","0.12","0.12","0.12","0.12","0.12"
"2009-05-04","ABL","0","","0","","","0.00","0.12","0.12","0.12","0.12","0.12"
"2009-05-05","ABL","0","","0","","","0.00","0.12","0.12","0.12","0.12","0.12"
"2009-05-06","ABL","0","","0","","","0.00","0.12","0.12","0.12","0.12","0.12"
"2009-05-07","ABL","0","","0","","","0.00","0.12","0.12","0.12","0.12","0.12"
"2009-05-08","ABL","0","","0","","","0.00","0.12","0.12","0.12","0.12","0.12"
"2009-05-11","ABL","0","","0","","","0.00","0.12","0.12","0.12","0.12","0.12"
"2009-05-12","ABL","0","","0","0.12","","0.00","0.12","0.12","0.12","0.12","0.12"
"2009-05-13","ABL","0","","0","","","0.00","0.12","0.12","0.12","0.12","0.12"
"2009-05-14","ABL","0","","0","","","0.00","0.12","0.12","0.12","0.12","0.12"
"2009-05-15","ABL","0","","0","","","0.00","0.12","0.12","0.12","0.12","0.12"
"2009-05-18","ABL","0","","0","0.12","","0.00","0.12","0.12","0.12","0.12","0.12"
"2009-05-19","ABL","0","","0","","","0.00","0.12","0.12","0.12","0.12","0.12"
"2009-05-20","ABL","0","","0","","","0.00","0.12","0.12","0.12","0.12","0.12"
"2009-05-21","ABL","0","","0","","","0.00","0.12","0.12","0.12","0.12","0.12"
"2009-05-22","ABL","0","","0","","","0.00","0.12","0.12","0.12","0.12","0.12"
"2009-05-26","ABL","0","","0","","","0.00","0.12","0.12","0.12","0.12","0.12"
"2009-05-27","ABL","0","","0","","","0.00","0.12","0.12","0.12","0.12","0.12"
"2009-05-28","ABL","0","","0","","","0.00","0.12","0.12","0.12","0.12","0.12"
"2009-05-29","ABL","0","","0","","","0.00","0.12","0.12","0.12","0.12","0.12"
"2009-06-01","ABL","0","","0","0.11","","0.00","0.12","0.12","0.12","0.12","0.12"
"2009-06-02","ABL","0","","0","","","0.00","0.12","0.12","0.12","0.12","0.12"
"2009-06-03","ABL","0","","0","","","0.00","0.12","0.12","0.12","0.12","0.12"
"2009-06-04","ABL","0","","0","","","0.00","0.12","0.12","0.12","0.12","0.12"
"2009-06-05","ABL","0","","0","","","0.00","0.12","0.12","0.12","0.12","0.12"
"2009-06-08","ABL","0","","0","0.12","","0.00","0.12","0.12","0.12","0.12","0.12"
"2009-06-09","ABL","0","","0","","","0.00","0.12","0.12","0.12","0.12","0.12"
"2009-06-10","ABL","0","","0","0.12","","0.00","0.12","0.12","0.12","0.12","0.12"
"2009-06-11","ABL","0","","0","","","0.00","0.12","0.12","0.12","0.12","0.12"
"2009-06-12","ABL","0","","0","","","0.00","0.12","0.12","0.12","0.12","0.12"
"2009-06-15","ABL","0","","0","","","0.00","0.12","0.12","0.12","0.12","0.12"
"2009-06-16","ABL","0","","0","0.12","","0.00","0.12","0.12","0.12","0.12","0.12"
"2009-06-17","ABL","0","","0","0.12","0.11","0.00","0.12","0.12","0.12","0.12","0.12"
"2009-06-18","ABL","0","","0","0.12","0.11","0.00","0.12","0.12","0.12","0.12","0.12"
"2009-06-19","ABL","0","","200","0.12","","0.00","0.12","0.12","0.12","0.12","0.12"
"2009-06-22","ABL","0","","1200","0.12","","0.00","0.12","0.12","0.12","0.12","0.12"
"2009-06-23","ABL","0","","0","0.12","","0.00","0.12","0.12","0.12","0.12","0.12"
"2009-06-24","ABL","0","","0","","","0.00","0.12","0.12","0.12","0.12","0.12"
"2009-06-25","ABL","0","","0","","","0.00","0.12","0.12","0.12","0.12","0.12"
"2009-06-26","ABL","0","","0","0.12","","0.00","0.12","0.12","0.12","0.12","0.12"
"2009-06-29","ABL","0","","0","0.12","","0.00","0.12","0.12","0.12","0.12","0.12"
"2009-06-30","ABL","0","","0","","","0.00","0.12","0.12","0.12","0.12","0.12"
"2009-07-02","ABL","0","","0","0.12","","0.00","0.12","0.12","0.12","0.12","0.12"
"2009-07-03","ABL","0","","0","","","0.00","0.12","0.12","0.12","0.12","0.12"
"2009-07-06","ABL","0","","0","","","0.00","0.12","0.12","0.12","0.12","0.12"
"2009-07-07","ABL","0","","0","0.12","","0.00","0.12","0.12","0.12","0.12","0.12"
"2009-07-08","ABL","0","","0","0.12","","0.00","0.12","0.12","0.12","0.12","0.12"
"2009-07-09","ABL","0","","0","0.12","","0","0.12","0.12","0.12","0.12","0.12"
"2009-07-10","ABL","0","","0","0.12","","0","0.12","0.12","0.12","0.12","0.12"
"2009-07-13","ABL","0","","0","0.12","","0","0.12","0.12","0.12","0.12","0.12"
"2009-07-14","ABL","0","","0","0.12","0.00","0.00","0.12","0.12","0.12","0.12","0.12"
"2009-07-15","ABL","0","","0","0.12","0","0","0.12","0.12","0.12","0.12","0.12"
"2009-07-16","ABL","0","","0","0.12","","0.00","0.12","0.12","0.12","0.12","0.12"
"2009-07-17","ABL","0","","0","0.12","","0.00","0.12","0.12","0.12","0.12","0.12"
"2009-07-20","ABL","0","","0","0.12","0.00","0.00","0.12","0.12","0.12","0.12","0.12"
"2009-07-21","ABL","0","","0","0.12","","0.00","0.12","0.12","0.12","0.12","0.12"
"2009-07-22","ABL","0","","0","0.12","","0.00","0.12","0.12","0.12","0.12","0.12"
"2009-07-23","ABL","0","","0","0.12","","0.00","0.12","0.12","0.12","0.12","0.12"
"2009-07-24","ABL","0","","0","0.12","","0.00","0.12","0.12","0.12","0.12","0.12"
"2009-07-27","ABL","0","","0","0.12","","0.00","0.12","0.12","0.12","0.12","0.12"
"2009-07-28","ABL","0","","0","0.12","","0.00","0.12","0.12","0.12","0.12","0.12"
"2009-07-29","ABL","0","","0","0.12","","0.00","0.12","0.12","0.12","0.12","0.12"
"2009-07-30","ABL","0","","0","0.11","","0.00","0.12","0.12","0.12","0.12","0.12"
"2009-07-31","ABL","0","","0","0.12","","0.00","0.12","0.12","0.12","0.12","0.12"
"2009-08-03","ABL","0","","400","0.12","","0.00","0.12","0.12","0.12","0.12","0.12"
"2009-08-04","ABL","0","","300","0.11","","0.00","0.12","0.12","0.12","0.12","0.12"
"2009-08-05","ABL","0","","0","0.12","","0.00","0.12","0.12","0.12","0.12","0.12"
"2009-08-06","ABL","0","","0","0.12","","0.00","0.12","0.12","0.12","0.12","0.12"
"2009-08-07","ABL","0","","0","0.12","","0.00","0.12","0.12","0.12","0.12","0.12"
"2009-08-10","ABL","0","","0","0.12","","0.00","0.12","0.12","0.12","0.12","0.12"
"2009-08-11","ABL","0","","0","0.12","","0.00","0.12","0.12","0.12","0.12","0.12"
"2009-08-12","ABL","0","","200","0.12","","0.00","0.12","0.12","0.12","0.12","0.12"
"2009-08-13","ABL","0","","0","0.12","","0.00","0.12","0.12","0.12","0.12","0.12"
"2009-08-14","ABL","0","","0","0.12","","0.00","0.12","0.12","0.12","0.12","0.12"
"2009-08-17","ABL","0","","0","0.12","","0.00","0.12","0.12","0.12","0.12","0.12"
"2009-08-18","ABL","0","","0","0.11","","0.00","0.12","0.12","0.12","0.12","0.12"
"2009-08-19","ABL","0","","0","0.12","","0.00","0.12","0.12","0.12","0.12","0.12"
"2009-08-20","ABL","0","","0","0.12","","0.00","0.12","0.12","0.12","0.12","0.12"
"2009-08-21","ABL","0","","0","0.12","","0.00","0.12","0.12","0.12","0.12","0.12"
"2009-08-24","ABL","0","","0","0.12","","0.00","0.12","0.12","0.12","0.12","0.12"
"2009-08-25","ABL","0","","0","0.12","","0.00","0.12","0.12","0.12","0.12","0.12"
"2009-08-26","ABL","0","","0","0.12","","0.00","0.12","0.12","0.12","0.12","0.12"
"2009-08-27","ABL","0","","0","0.12","","0.00","0.12","0.12","0.12","0.12","0.12"
"2009-08-28","ABL","0","","5,000","0.12","","0.00","0.12","0.12","0.12","0.12","0.12"
"2009-08-31","ABL","0","","0","0.12","","0.00","0.12","0.12","0.12","0.12","0.12"
"2009-09-01","ABL","0","","0","0.12","","0.00","0.12","0.12","0.12","0.12","0.12"
"2009-09-02","ABL","0","","0","0.12","","0.00","0.12","0.12","0.12","0.12","0.12"
"2009-09-03","ABL","0","","0","0.12","","0.00","0.12","0.12","0.12","0.12","0.12"
"2009-09-04","ABL","0","","0","0.12","0.00","0.00","0.12","0.12","0.12","0.12","0.12"
"2009-09-07","ABL","0","","0","0.12","","0.00","0.12","0.12","0.12","0.12","0.12"
"2009-09-08","ABL","0","","0","0.12","","0.00","0.12","0.12","0.12","0.12","0.12"
"2009-09-09","ABL","0","","0","0.11","","0.00","0.12","0.12","0.12","0.12","0.12"
"2009-09-10","ABL","0","","0","0.12","","0.00","0.12","0.12","0.12","0.12","0.12"
"2009-09-11","ABL","0","","0","0.12","","0.00","0.12","0.12","0.12","0.12","0.12"
"2009-09-14","ABL","0","","0","0.11","","0.00","0.12","0.12","0.12","0.12","0.12"
"2009-09-15","ABL","0","","0","0.12","","0.00","0.12","0.12","0.12","0.12","0.12"
"2009-09-16","ABL","0","","0","0.12","","0.00","0.12","0.12","0.12","0.12","0.12"
"2009-09-17","ABL","0","","0","0.12","","0.00","0.12","0.12","0.12","0.12","0.12"
"2009-09-18","ABL","0","","6,000,000","0.11","","-0.01","0.11","0.12","0.12","0.12","0.12"
"2009-09-22","ABL","0","","1,154,300","","","-0.01","0.10","0.11","0.11","0.10","0.12"
"2009-09-23","ABL","0","","0","0.10","","0.00","0.10","0.10","0.10","0.10","0.12"
"2009-09-24","ABL","0","","0","","","0.00","0.10","0.10","0.10","0.10","0.12"
"2009-09-25","ABL","0","","0","0.10","","0.00","0.10","0.10","0.10","0.10","0.12"
"2009-09-28","ABL","0","","0","0.10","","0.00","0.10","0.10","0.10","0.10","0.12"
"2009-09-29","ABL","0","","0","0.10","","0.00","0.10","0.10","0.10","0.10","0.12"
"2009-09-30","ABL","0","","1,848,500","","","0.00","0.10","0.10","0.10","0.10","0.12"
"2009-10-01","ABL","0","","0","0.10","","0.00","0.10","0.10","0.10","0.10","0.12"
"2009-10-02","ABL","0","","0","0.10","","0.00","0.10","0.10","0.10","0.10","0.12"
"2009-10-05","ABL","0","","0","","","0.00","0.10","0.10","0.10","0.10","0.12"
"2009-10-06","ABL","0","","0","","","0.00","0.10","0.10","0.10","0.10","0.12"
"2009-10-07","ABL","0","","0","","","0.00","0.10","0.10","0.10","0.10","0.12"
"2009-10-08","ABL","0","","0","","","0.00","0.10","0.10","0.10","0.10","0.12"
"2009-10-09","ABL","0","","0","","","0.00","0.10","0.10","0.10","0.10","0.12"
"2009-10-12","ABL","0","","0","","","0.00","0.10","0.10","0.10","0.10","0.12"
"2009-10-13","ABL","0","","0","","","0.00","0.10","0.10","0.10","0.10","0.12"
"2009-10-14","ABL","0","","0","","","0.00","0.10","0.10","0.10","0.10","0.12"
"2009-10-15","ABL","0","","0","","","0.00","0.10","0.10","0.10","0.10","0.12"
"2009-10-16","ABL","0","","0","","","0.00","0.10","0.10","0.10","0.10","0.12"
"2009-10-19","ABL","0","","0","","","0.00","0.10","0.10","0.10","0.10","0.12"
"2009-10-20","ABL","0","","0","0.10","","0.00","0.10","0.10","0.10","0.10","0.12"
"2009-10-21","ABL","0","","0","0.10","","0.00","0.10","0.10","0.10","0.10","0.12"
"2009-10-22","ABL","0","","0","0.10","","0.00","0.10","0.10","0.10","0.10","0.12"
"2009-10-23","ABL","0","","0","","","0.00","0.10","0.10","0.10","0.10","0.12"
"2009-10-26","ABL","0","","0","0.10","","0.00","0.10","0.10","0.10","0.10","0.12"
"2009-10-27","ABL","0","","0","0.10","","0.00","0.10","0.10","0.10","0.10","0.12"
"2009-10-28","ABL","0","","0","0.10","","0.00","0.10","0.10","0.10","0.10","0.12"
"2009-10-29","ABL","0","","0","0.10","","0.00","0.10","0.10","0.10","0.10","0.12"
"2009-10-30","ABL","0","","0","","","0.00","0.10","0.10","0.10","0.10","0.12"
"2009-11-02","ABL","0","","0","0.10","","0.00","0.10","0.10","0.10","0.10","0.12"
"2009-11-03","ABL","0","","0","0.10","","0.00","0.10","0.10","0.10","0.10","0.12"
"2009-11-04","ABL","0","","0","0.10","","0.00","0.10","0.10","0.10","0.10","0.12"
"2009-11-05","ABL","0","","0","0.10","","0.00","0.10","0.10","0.10","0.10","0.12"
"2009-11-06","ABL","0","","0","0.10","","0.00","0.10","0.10","0.10","0.10","0.12"
"2009-11-09","ABL","0","","0","0.10","","0.00","0.10","0.10","0.10","0.10","0.12"
"2009-11-10","ABL","0","","0","","","0.00","0.10","0.10","0.10","0.10","0.12"
"2009-11-11","ABL","0","","0","0.00","","0.00","0.10","0.10","0.10","0.10","0.12"
"2009-11-12","ABL","0","","0","","","0.00","0.10","0.10","0.10","0.10","0.12"
"2009-11-13","ABL","0","","0","","","0.00","0.10","0.10","0.10","0.10","0.12"
"2009-11-16","ABL","0","","0","","","0.00","0.10","0.10","0.10","0.10","0.12"
"2009-11-17","ABL","0","","0","","","0.00","0.10","0.10","0.10","0.10","0.12"
"2009-11-18","ABL","0","","0","0.10","","0.00","0.10","0.10","0.10","0.10","0.12"
"2009-11-19","ABL","0","","0","0.10","","0.00","0.10","0.10","0.10","0.10","0.12"
"2009-11-20","ABL","0","","0","0.10","","0.00","0.10","0.10","0.10","0.10","0.12"
"2009-11-23","ABL","0","","0","","","0.00","0.10","0.10","0.10","0.10","0.12"
"2009-11-24","ABL","0","","0","0.10","","0.00","0.10","0.10","0.10","0.10","0.12"
"2009-11-25","ABL","0","","0","0.00","0.00","0.00","0.10","0.10","0.10","0.10","0.12"
"2009-11-26","ABL","0","","0","0.10","","0.00","0.10","0.10","0.10","0.10","0.12"
"2009-11-30","ABL","0","","0","","","0.00","0.10","0.10","0.10","0.10","0.12"
"2009-12-01","ABL","0","","0","0.10","","0.00","0.10","0.10","0.10","0.10","0.12"
"2009-12-02","ABL","0","","0","0.10","0.00","0.00","0.10","0.10","0.10","0.10","0.12"
"2009-12-03","ABL","0","","0","0.10","","0.00","0.10","0.10","0.10","0.10","0.12"
"2009-12-07","ABL","0","","2,000","0.10","","0.00","0.10","0.10","0.10","0.10","0.12"
"2009-12-08","ABL","0","","0","0.10","","0.00","0.10","0.10","0.10","0.10","0.12"
"2009-12-09","ABL","0","","0","0.10","0.00","0.00","0.10","0.10","0.10","0.10","0.12"
"2009-12-10","ABL","0","","0","0.10","","0.00","0.10","0.10","0.10","0.10","0.12"
"2009-12-11","ABL","0","","0","0.10","","0.00","0.10","0.10","0.10","0.10","0.12"
"2009-12-14","ABL","0","","0","0.10","","0.00","0.10","0.10","0.10","0.10","0.12"
"2009-12-15","ABL","0","","0","0.10","","0.00","0.10","0.10","0.10","0.10","0.12"
"2009-12-16","ABL","0","","0","0.10","","0.00","0.10","0.10","0.10","0.10","0.12"
"2009-12-17","ABL","0","","0","0.10","","0.00","0.10","0.10","0.10","0.10","0.12"
"2009-12-18","ABL","0","","0","0.10","","0.00","0.10","0.10","0.10","0.10","0.12"
"2009-12-21","ABL","0","","0","0.10","","0.00","0.10","0.10","0.10","0.10","0.12"
"2009-12-22","ABL","0","","0","0.10","","0.00","0.10","0.10","0.10","0.10","0.12"
"2009-12-23","ABL","0","","0","","","0.00","0.10","0.10","0.10","0.10","0.12"
"2009-12-24","ABL","0","","0","","","0.00","0.10","0.10","0.10","0.10","0.12"
"2009-12-29","ABL","0","","0","0.10","","0.00","0.10","0.10","0.10","0.10","0.12"
"2009-12-30","ABL","0","","2,000","0.10","","0.00","0.10","0.10","0.10","0.10","0.12"
"2009-12-31","ABL","0","","0","","","0.00","0.10","0.10","0.10","0.10","0.12"
"2010-01-04","ABL","0","","0","0.10","","0.00","0.10","0.10","0.10","0.10","0.12"
"2010-01-05","ABL","0","","0","0.10","","0.00","0.10","0.10","0.10","0.10","0.12"
"2010-01-06","ABL","0","","0","0.10","","0.00","0.10","0.10","0.10","0.10","0.10"
"2010-01-07","ABL","0","","0","0.10","","0.00","0.10","0.10","0.10","0.10","0.10"
"2010-01-08","ABL","0","","0","0.10","","0.00","0.10","0.10","0.10","0.10","0.10"
"2010-01-11","ABL","0","","0","0.10","","0.00","0.10","0.10","0.10","0.10","0.10"
"2010-01-12","ABL","0","","0","0.10","","0.00","0.10","0.10","0.10","0.10","0.10"
"2010-01-13","ABL","0","","0","0.10","","0.00","0.10","0.10","0.10","0.10","0.10"
"2010-01-14","ABL","0","","200","0.10","","0.00","0.10","0.10","0.10","0.10","0.10"
"2010-01-15","ABL","0","","400","0.10","","0.00","0.10","0.10","0.10","0.10","0.10"
"2010-01-18","ABL","0","","0","0.10","0.00","0.00","0.10","0.10","0.10","0.10","0.10"
"2010-01-19","ABL","0","","0","0.10","0.00","0.00","0.10","0.10","0.10","0.10","0.10"
"2010-01-20","ABL","0","","0","0.10","","0.00","0.10","0.10","0.10","0.10","0.10"
"2010-01-21","ABL","0","","0","","","0.00","0.10","0.10","0.10","0.10","0.10"
"2010-01-22","ABL","0","","0","0.10","","0.00","0.10","0.10","0.10","0.10","0.10"
"2010-01-25","ABL","0","","0","0.10","","0.00","0.10","0.10","0.10","0.10","0.10"
"2010-01-26","ABL","0","","0","0.10","","0.00","0.10","0.10","0.10","0.10","0.10"
"2010-01-27","ABL","0","","0","","","0.00","0.10","0.10","0.10","0.10","0.10"
"2010-01-28","ABL","0","","0","0.10","","0.00","0.10","0.10","0.10","0.10","0.10"
"2010-01-29","ABL","0","","0","0.10","","0.00","0.10","0.10","0.10","0.10","0.10"
"2010-02-01","ABL","0","","0","0.10","","0.00","0.10","0.10","0.10","0.10","0.10"
"2010-02-02","ABL","0","","0","0.10","","0.00","0.10","0.10","0.10","0.10","0.10"
"2010-02-03","ABL","0","","0","0.10","","0.00","0.10","0.10","0.10","0.10","0.10"
"2010-02-04","ABL","0","","0","0.10","","0.00","0.10","0.10","0.10","0.10","0.10"
"2010-02-05","ABL","0","","0","0.10","","0.00","0.10","0.10","0.10","0.10","0.10"
"2010-02-08","ABL","0","","0","0.10","","0.00","0.10","0.10","0.10","0.10","0.10"
"2010-02-09","ABL","0","","0","0.10","","0.00","0.10","0.10","0.10","0.10","0.10"
"2010-02-10","ABL","0","","0","0.10","","0.00","0.10","0.10","0.10","0.10","0.10"
"2010-02-11","ABL","0","","1,200","0.10","","0.00","0.10","0.10","0.10","0.10","0.10"
"2010-02-12","ABL","0","","0","0.10","","0.00","0.10","0.10","0.10","0.10","0.10"
"2010-02-15","ABL","0","","0","0.10","","0.00","0.10","0.10","0.10","0.10","0.10"
"2010-02-16","ABL","0","","0","0.10","","0.00","0.10","0.10","0.10","0.10","0.10"
"2010-02-17","ABL","0","","0","0.10","","0.00","0.10","0.10","0.10","0.10","0.10"
"2010-02-18","ABL","0","","0","0.10","","0.00","0.10","0.10","0.10","0.10","0.10"
"2010-02-19","ABL","0","","0","0.10","","0.00","0.10","0.10","0.10","0.10","0.10"
"2010-02-22","ABL","0","","0","0.10","","0.00","0.10","0.10","0.10","0.10","0.10"
"2010-02-23","ABL","0","","0","0.10","","0.00","0.10","0.10","0.10","0.10","0.10"
"2010-02-24","ABL","0","","0","0.10","","0.00","0.10","0.10","0.10","0.10","0.10"
"2010-02-25","ABL","0","","0","0.10","","0.00","0.10","0.10","0.10","0.10","0.10"
"2010-02-26","ABL","0","","0","","","0.00","0.10","0.10","0.10","0.10","0.10"
"2010-03-01","ABL","0","","0","0.10","","0.00","0.10","0.10","0.10","0.10","0.10"
"2010-03-02","ABL","0","","0","0.10","","0.00","0.10","0.10","0.10","0.10","0.10"
"2010-03-03","ABL","0","","0","0.10","","0.00","0.10","0.10","0.10","0.10","0.10"
"2010-03-04","ABL","0","","0","0.10","","0.00","0.10","0.10","0.10","0.10","0.10"
"2010-03-05","ABL","0","","0","0.10","","0.00","0.10","0.10","0.10","0.10","0.10"
"2010-03-09","ABL","0","","0","0.10","","0.00","0.10","0.10","0.10","0.10","0.10"
"2010-03-10","ABL","0","","0","0.10","","0.00","0.10","0.10","0.10","0.10","0.10"
"2010-03-11","ABL","0","","0","0.10","","0.00","0.10","0.10","0.10","0.10","0.10"
"2010-03-12","ABL","0","","0","0.10","","0.00","0.10","0.10","0.10","0.10","0.10"
"2010-03-15","ABL","0","","0","0.10","","0.00","0.10","0.10","0.10","0.10","0.10"
"2010-03-16","ABL","0","","0","0.10","","0.00","0.10","0.10","0.10","0.10","0.10"
"2010-03-17","ABL","0","","0","0.10","","0.00","0.10","0.10","0.10","0.10","0.10"
"2010-03-18","ABL","0","","0","0.10","","0.00","0.10","0.10","0.10","0.10","0.10"
"2010-03-19","ABL","0","","0","0.10","","0.00","0.10","0.10","0.10","0.10","0.10"
"2010-03-22","ABL","0","","0","0.10","","0.00","0.10","0.10","0.10","0.10","0.10"
"2010-03-23","ABL","0","","0","0.10","","0.00","0.10","0.10","0.10","0.10","0.10"
"2010-03-24","ABL","0","","0","0.10","","0.00","0.10","0.10","0.10","0.10","0.10"
"2010-03-25","ABL","0","","0","0.10","","0.00","0.10","0.10","0.10","0.10","0.10"
"2010-03-26","ABL","0","","0","0.10","","0.00","0.10","0.10","0.10","0.10","0.10"
"2010-03-29","ABL","0","","0","0.10","","0.00","0.10","0.10","0.10","0.10","0.10"
"2010-03-30","ABL","0","","0","0.10","","0.00","0.10","0.10","0.10","0.10","0.10"
"2010-03-31","ABL","0","","0","0.10","","0.00","0.10","0.10","0.10","0.10","0.10"
"2010-04-01","ABL","0","","0","0.10","","0.00","0.10","0.10","0.10","0.10","0.10"
"2010-04-06","ABL","0","","0","0.10","","0.00","0.10","0.10","0.10","0.10","0.10"
"2010-04-07","ABL","0","","0","0.10","","0.00","0.10","0.10","0.10","0.10","0.10"
"2010-04-08","ABL","0","","0","0.10","","0.00","0.10","0.10","0.10","0.10","0.10"
"2010-04-12","ABL","0","","0","","","0.00","0.10","0.10","0.10","0.10","0.10"
"2010-04-13","ABL","0","","0","","","0.00","0.10","0.10","0.10","0.10","0.10"
"2010-04-14","ABL","0","","0","0.10","","0.00","0.10","0.10","0.10","0.10","0.10"
"2010-04-15","ABL","0","","0","0.10","","0.00","0.10","0.10","0.10","0.10","0.10"
"2010-04-16","ABL","0","","0","0.10","","0.00","0.10","0.10","0.10","0.10","0.10"
"2010-04-19","ABL","0","","0","0.10","","0.00","0.10","0.10","0.10","0.10","0.10"
"2010-04-20","ABL","0","","0","0.10","","0.00","0.10","0.10","0.10","0.10","0.10"
"2010-04-21","ABL","0","","0","0.10","","0.00","0.10","0.10","0.10","0.10","0.10"
"2010-04-22","ABL","0","","0","0.10","","0.00","0.10","0.10","0.10","0.10","0.10"
"2010-04-23","ABL","0","","0","0.10","","0.00","0.10","0.10","0.10","0.10","0.10"
"2010-04-26","ABL","0","","0","0.10","","0.00","0.10","0.10","0.10","0.10","0.10"
"2010-04-27","ABL","0","","0","0.10","","0.00","0.10","0.10","0.10","0.10","0.10"
"2010-04-28","ABL","0","","0","0.10","","0.00","0.10","0.10","0.10","0.10","0.10"
"2010-04-29","ABL","0","","0","0.10","","0.00","0.10","0.10","0.10","0.10","0.10"
"2010-04-30","ABL","0","","0","0.10","","0.00","0.10","0.10","0.10","0.10","0.10"
"2010-05-04","ABL","0","","0","0.10","","0.00","0.10","0.10","0.10","0.10","0.10"
"2010-05-05","ABL","0","","0","0.10","","0.00","0.10","0.10","0.10","0.10","0.10"
"2010-05-06","ABL","0","","0","0.10","","0.00","0.10","0.10","0.10","0.10","0.10"
"2010-05-07","ABL","0","","900","0.10","","0.00","0.10","0.10","0.10","0.10","0.10"
"2010-05-10","ABL","0","","0","0.10","","0.00","0.10","0.10","0.10","0.10","0.10"
"2010-05-11","ABL","0","","0","0.10","","0.00","0.10","0.10","0.10","0.10","0.10"
"2010-05-12","ABL","0","","0","0.10","","0.00","0.10","0.10","0.10","0.10","0.10"
"2010-05-13","ABL","0","","0","0.10","","0.00","0.10","0.10","0.10","0.10","0.10"
"2010-05-14","ABL","0","","0","0.10","","0.00","0.10","0.10","0.10","0.10","0.10"
"2010-05-17","ABL","0","","0","0.10","","0.00","0.10","0.10","0.10","0.10","0.10"
"2010-05-18","ABL","0","","0","0.10","","0.00","0.10","0.10","0.10","0.10","0.10"
"2010-05-19","ABL","0","","0","0.10","","0.00","0.10","0.10","0.10","0.10","0.10"
"2010-05-20","ABL","0","","0","0.10","","0.00","0.10","0.10","0.10","0.10","0.10"
"2010-05-21","ABL","0","","1,400,000","0.10","","0.00","0.10","0.10","0.10","0.10","0.10"
"2010-05-24","ABL","0","","0","0.10","","0.00","0.10","0.10","0.10","0.10","0.10"
"2010-05-26","ABL","0","","0","0.10","","0.00","0.10","0.10","0.10","0.10","0.10"
"2010-05-27","ABL","0","","250,000","0.09","","0.00","0.10","0.10","0.10","0.10","0.10"
"2010-05-28","ABL","0","","0","0.10","","0.00","0.10","0.10","0.10","0.10","0.10"
"2010-05-31","ABL","0","","0","0.09","","0.00","0.10","0.10","0.10","0.10","0.10"
"2010-06-01","ABL","0","","2,000","","","-0.01","0.09","0.10","0.10","0.10","0.10"
"2010-06-02","ABL","0","","0","0.09","","0.00","0.09","0.10","0.09","0.10","0.10"
"2010-06-03","ABL","0","","0","0.09","","0.00","0.09","0.10","0.09","0.10","0.10"
"2010-06-04","ABL","0","","2,400","0.09","","0.00","0.09","0.10","0.09","0.10","0.10"
"2010-06-07","ABL","0","","0","0.09","","0.00","0.09","0.10","0.09","0.10","0.10"
"2010-06-08","ABL","0","","0","0.09","","0.00","0.09","0.10","0.09","0.10","0.10"
"2010-06-09","ABL","0","","0","","","0.00","0.09","0.10","0.09","0.10","0.10"
"2010-06-10","ABL","0","","0","","","0.00","0.09","0.10","0.09","0.10","0.10"
"2010-06-11","ABL","0","","0","0.09","","0.00","0.09","0.09","0.09","0.10","0.10"
"2010-06-14","ABL","0","","0","0.09","","0.00","0.09","0.09","0.09","0.10","0.10"
"2010-06-15","ABL","0","","0","","","0.00","0.09","0.09","0.09","0.10","0.10"
"2010-06-16","ABL","0","","0","0.09","","0.00","0.09","0.09","0.09","0.10","0.10"
"2010-06-17","ABL","0","","0","0.09","","0.00","0.09","0.09","0.09","0.10","0.10"
"2010-06-18","ABL","0","","0","","","0.00","0.09","0.09","0.09","0.10","0.10"
"2010-06-21","ABL","0","","0","0.09","","0.00","0.09","0.09","0.09","0.10","0.10"
"2010-06-22","ABL","0","","0","0.09","0.08","0.00","0.09","0.09","0.09","0.10","0.10"
"2010-06-23","ABL","0","","0","0.09","","0.00","0.09","0.09","0.09","0.10","0.10"
"2010-06-24","ABL","0","","700","0.09","","0.00","0.09","0.09","0.09","0.10","0.10"
"2010-06-25","ABL","0","","0","0.09","","0.00","0.09","0.09","0.09","0.10","0.10"
"2010-06-28","ABL","0","","0","0.09","","0.00","0.09","0.09","0.09","0.10","0.10"
"2010-06-29","ABL","0","","0","0.09","","0.00","0.09","0.09","0.09","0.10","0.10"
"2010-06-30","ABL","0","","0","","","0.00","0.09","0.09","0.09","0.10","0.10"
"2010-07-02","ABL","0","","0","","","0.00","0.09","0.09","0.09","0.10","0.10"
"2010-07-05","ABL","0","","0","0.09","","0.00","0.09","0.09","0.09","0.10","0.10"
"2010-07-06","ABL","0","","0","0.09","","0.00","0.09","0.09","0.09","0.10","0.10"
"2010-07-07","ABL","0","","0","0.09","","0.00","0.09","0.09","0.09","0.10","0.10"
"2010-07-08","ABL","0","","0","","","0.00","0.09","0.09","0.09","0.10","0.10"
"2010-07-09","ABL","0","","0","0.08","","0.00","0.09","0.09","0.09","0.10","0.10"
"2010-07-12","ABL","0","","1,300","0.09","","0.00","0.09","0.09","0.09","0.10","0.10"
"2010-07-13","ABL","0","","0","0.08","","0.00","0.09","0.09","0.09","0.10","0.10"
"2010-07-14","ABL","0","","0","0.09","","0.00","0.09","0.09","0.09","0.10","0.10"
"2010-07-15","ABL","0","","0","0.09","","0.00","0.09","0.09","0.09","0.10","0.10"
"2010-07-16","ABL","0","","1,500","0.08","","-0.01","0.08","0.09","0.09","0.10","0.10"
"2010-07-19","ABL","0","","0","0.09","","0.00","0.08","0.09","0.08","0.10","0.10"
"2010-07-20","ABL","0","","100","0.09","","0.00","0.08","0.09","0.08","0.10","0.10"
"2010-07-21","ABL","0","","0","0.09","","0.00","0.08","0.09","0.08","0.10","0.10"
"2010-07-22","ABL","0","","0","0.09","","0.00","0.08","0.09","0.08","0.10","0.10"
"2010-07-23","ABL","0","","0","0.08","","0.00","0.08","0.09","0.08","0.10","0.10"
"2010-07-26","ABL","0","","0","0.09","","0.00","0.08","0.09","0.08","0.10","0.10"
"2010-07-27","ABL","0","","0","0.09","","0.00","0.08","0.09","0.08","0.10","0.10"
"2010-07-28","ABL","0","","0","0.09","","0.00","0.08","0.09","0.08","0.10","0.10"
"2010-07-29","ABL","0","","0","0.09","","0.00","0.08","0.09","0.08","0.10","0.10"
"2010-07-30","ABL","0","","0","0.09","","0.00","0.08","0.09","0.08","0.10","0.10"
"2010-08-02","ABL","0","","0","0.09","","0.00","0.08","0.09","0.08","0.10","0.10"
"2010-08-03","ABL","0","","0","0.09","","0.00","0.08","0.09","0.08","0.10","0.10"
"2010-08-04","ABL","0","","0","0.09","","0.00","0.08","0.09","0.08","0.10","0.10"
"2010-08-05","ABL","0","","0","0.09","","0.00","0.08","0.09","0.08","0.10","0.10"
"2010-08-06","ABL","0","","0","0.09","0.08","0.00","0.08","0.09","0.08","0.10","0.10"
"2010-08-09","ABL","0","","0","0.09","","0.00","0.08","0.09","0.08","0.10","0.10"
"2010-08-10","ABL","0","","0","0.09","0.08","0.00","0.08","0.09","0.08","0.10","0.10"
"2010-08-11","ABL","0","","9,200","","","0.00","0.08","0.09","0.08","0.10","0.10"
"2010-08-12","ABL","0","","10,000","0.08","","0.00","0.08","0.09","0.08","0.10","0.10"
"2010-08-13","ABL","0","","0","","","0.00","0.08","0.09","0.08","0.10","0.10"
"2010-08-16","ABL","0","","0","","","0.00","0.08","0.09","0.08","0.10","0.10"
"2010-08-17","ABL","0","","0","","","0.00","0.08","0.09","0.08","0.10","0.10"
"2010-08-18","ABL","0","","5,000","","0.08","0.00","0.08","0.09","0.08","0.10","0.10"
"2010-08-19","ABL","0","","7,900","","0.08","0.00","0.08","0.09","0.08","0.10","0.10"
"2010-08-20","ABL","0","","0","","","0.00","0.08","0.09","0.08","0.10","0.10"
"2010-08-23","ABL","0","","200","","0.08","0.00","0.08","0.09","0.08","0.10","0.10"
"2010-08-24","ABL","0","","0","","","0.00","0.08","0.09","0.08","0.10","0.10"
"2010-08-25","ABL","0","","0","","0.09","0.00","0.08","0.09","0.08","0.10","0.10"
"2010-08-26","ABL","0","","0","","0.09","0.00","0.08","0.09","0.08","0.10","0.10"
"2010-08-27","ABL","0","","0","","0.09","0.00","0.08","0.09","0.08","0.10","0.10"
"2010-08-30","ABL","0","","0","","0.09","0.00","0.08","0.09","0.08","0.10","0.10"
"2010-08-31","ABL","0","","0","","0.09","0.00","0.08","0.09","0.08","0.10","0.10"
"2010-09-01","ABL","0","","5,000","","0.09","0.01","0.09","0.08","0.08","0.10","0.10"
"2010-09-02","ABL","0","","2,000","","0.10","0.01","0.10","0.09","0.09","0.10","0.10"
"2010-09-03","ABL","0","","3,000","","0.11","0.01","0.11","0.10","0.10","0.10","0.11"
"2010-09-06","ABL","0","","1,000","","0.12","0.01","0.12","0.10","0.11","0.10","0.12"
"2010-09-07","ABL","0","","0","","","0.00","0.12","0.10","0.12","0.10","0.12"
"2010-09-08","ABL","0","","0","","","0.00","0.12","0.10","0.12","0.10","0.12"
"2010-09-09","ABL","0","","0","0.13","","0.00","0.12","0.10","0.12","0.10","0.12"
"2010-09-13","ABL","0","","0","0.13","","0.00","0.12","0.10","0.12","0.10","0.12"
"2010-09-14","ABL","0","","0","0.13","0.11","0.00","0.12","0.10","0.12","0.10","0.12"
"2010-09-15","ABL","0","","0","0.13","0.11","0.00","0.12","0.10","0.12","0.10","0.12"
"2010-09-16","ABL","0","","0","0.13","0.11","0.00","0.12","0.10","0.12","0.10","0.12"
"2010-09-17","ABL","0","","0","0.13","0.11","0.00","0.12","0.10","0.12","0.10","0.12"
"2010-09-20","ABL","0","","0","0.13","","0.00","0.12","0.10","0.12","0.10","0.12"
"2010-09-22","ABL","0","","0","0.13","0.11","0.00","0.12","0.10","0.12","0.10","0.12"
"2010-09-23","ABL","0","","0","0.13","0.11","0.00","0.12","0.10","0.12","0.10","0.12"
"2010-09-24","ABL","0","","0","0.13","0.11","0.00","0.12","0.10","0.12","0.10","0.12"
"2010-09-27","ABL","0","","0","0.12","0.11","0.00","0.12","0.10","0.12","0.10","0.12"
"2010-09-28","ABL","0","","0","0.12","0.11","0.00","0.12","0.10","0.12","0.10","0.12"
"2010-09-29","ABL","0","","0","0.12","0.11","0.00","0.12","0.10","0.12","0.10","0.12"
"2010-09-30","ABL","0","","0","0.12","0.11","0.00","0.12","0.10","0.12","0.10","0.12"
"2010-10-01","ABL","0","","0","0.12","0.11","0.00","0.12","0.10","0.12","0.10","0.12"
"2010-10-04","ABL","0","","0","0.13","","0.00","0.12","0.10","0.12","0.10","0.12"
"2010-10-05","ABL","0","","0","0.13","","0.00","0.12","0.10","0.12","0.10","0.12"
"2010-10-06","ABL","0","","0","0.13","","0.00","0.12","0.10","0.12","0.10","0.12"
"2010-10-07","ABL","0","","0","","","0.00","0.12","0.10","0.12","0.10","0.12"
"2010-10-08","ABL","0","","0","0.12","0.11","0.00","0.12","0.10","0.12","0.10","0.12"
"2010-10-11","ABL","0","","0","0.13","0.11","0.00","0.12","0.10","0.12","0.10","0.12"
"2010-10-12","ABL","0","","0","0.13","0.11","0.00","0.12","0.10","0.12","0.10","0.12"
"2010-10-13","ABL","0","","0","0.13","0.11","0.00","0.12","0.10","0.12","0.10","0.12"
"2010-10-14","ABL","0","","0","0.12","0.11","0.00","0.12","0.10","0.12","0.10","0.12"
"2010-10-15","ABL","0","","0","0.13","0.11","0.00","0.12","0.10","0.12","0.10","0.12"
"2010-10-18","ABL","0","","0","0.12","0.11","0.00","0.12","0.10","0.12","0.10","0.12"
"2010-10-19","ABL","0","","","0.13","0.11","0.00","0.12","0.10","0.12","0.10","0.12"
"2010-10-20","ABL","0","","0","0.13","0.11","0.00","0.12","0.10","0.12","0.10","0.12"
"2010-10-21","ABL","0","","200","0.12","0.11","-0.01","0.11","0.12","0.12","0.10","0.12"
"2010-10-22","ABL","0","","0","0.14","0.11","0.00","0.11","0.12","0.11","0.10","0.12"
"2010-10-25","ABL","0","","0","","0.11","0.00","0.11","0.12","0.11","0.10","0.12"
"2010-10-26","ABL","0","","0","0.12","0.11","0.00","0.11","0.12","0.11","0.10","0.12"
"2010-10-27","ABL","0","","0","0.12","0.11","0.00","0.11","0.12","0.11","0.10","0.12"
"2010-10-28","ABL","0","","0","","0.11","0.00","0.11","0.12","0.11","0.10","0.12"
"2010-10-29","ABL","0","","0","","0.11","0.00","0.11","0.12","0.11","0.10","0.12"
"2010-11-01","ABL","0","","0","0.12","0.11","0.00","0.11","0.12","0.11","0.10","0.12"
"2010-11-02","ABL","0","","0","","0.11","0.00","0.11","0.12","0.11","0.10","0.12"
"2010-11-03","ABL","0","","0","","0.11","0.00","0.11","0.12","0.11","0.10","0.12"
"2010-11-04","ABL","0","","0","","0.11","0.00","0.11","0.12","0.11","0.10","0.12"
"2010-11-05","ABL","0","","0","","0.11","0.00","0.11","0.11","0.11","0.10","0.12"
"2010-11-08","ABL","0","","200","0.11","","0.00","0.11","0.11","0.11","0.10","0.12"
"2010-11-09","ABL","0","","0","","","0.00","0.11","0.11","0.11","0.10","0.12"
"2010-11-10","ABL","0","","0","","","0.00","0.11","0.11","0.11","0.10","0.12"
"2010-11-11","ABL","0","","0","","","0.00","0.11","0.11","0.11","0.10","0.12"
"2010-11-12","ABL","0","","0","0.12","","0.00","0.11","0.11","0.11","0.10","0.12"
"2010-11-15","ABL","0","","0","0.11","","0.00","0.11","0.11","0.11","0.10","0.12"
"2010-11-17","ABL","0","","0","","","0","0.11","0.11","0.11","0.1","0.12"
"2010-11-18","ABL","0","","0","0.11","","0.00","0.11","0.11","0.11","0.10","0.12"
"2010-11-19","ABL","0","","0","","","0.00","0.11","0.11","0.11","0.10","0.12"
"2010-11-22","ABL","0","","0","","","0.00","0.11","0.11","0.11","0.10","0.12"
"2010-11-23","ABL","0","","0","0.11","","0.00","0.11","0.11","0.11","0.10","0.12"
"2010-11-24","ABL","0","","400","0.11","","0.00","0.11","0.11","0.11","0.10","0.12"
"2010-11-25","ABL","0","","0","0.11","","0.00","0.11","0.11","0.11","0.10","0.12"
"2010-11-26","ABL","0","","0","0.11","","0.00","0.11","0.11","0.11","0.10","0.12"
"2010-11-29","ABL","0","","0","0.11","","0.00","0.11","0.11","0.11","0.10","0.12"
"2010-11-30","ABL","0","","0","0.11","","0.00","0.11","0.11","0.11","0.10","0.12"
"2010-12-01","ABL","0","","0","0.11","","0.00","0.11","0.11","0.11","0.10","0.12"
"2010-12-02","ABL","0","","0","0.11","","0.00","0.11","0.11","0.11","0.10","0.12"
"2010-12-06","ABL","0","","0","0.11","","0.00","0.11","0.11","0.11","0.10","0.12"
"2010-12-07","ABL","0","","0","0.11","","0.00","0.11","0.11","0.11","0.10","0.12"
"2010-12-08","ABL","0","","0","0.11","","0.00","0.11","0.11","0.11","0.10","0.12"
"2010-12-09","ABL","0","","0","0.11","","0.00","0.11","0.11","0.11","0.10","0.12"
"2010-12-10","ABL","0","","0","0.11","","0.00","0.11","0.11","0.11","0.10","0.12"
"2011-01-04","ABL","0.10","","0","0.11","","0.00","0.10","0.10","0.10","0.10","0.10"
"2011-01-21","ABL","0.10","","0","","","0.00","0.10","0.10","0.10","0.10","0.10"
"2011-01-05","ABL","0.10","","0","0.11","","0.00","0.10","0.10","0.10","0.10","0.10"
"2011-01-06","ABL","0.10","","0","0.11","","0.00","0.10","0.10","0.10","0.10","0.10"
"2011-01-07","ABL","0.10","","0","0.11","","0.00","0.10","0.10","0.10","0.10","0.10"
"2011-01-10","ABL","0.10","","0","0.11","","0.00","0.10","0.10","0.10","0.10","0.10"
"2011-01-11","ABL","0.10","","0","0.11","","0.00","0.10","0.10","0.10","0.10","0.10"
"2011-01-12","ABL","0.10","","0","0.11","","0.00","0.10","0.10","0.10","0.10","0.10"
"2011-01-13","ABL","0.10","","0","","","0.00","0.10","0.10","0.10","0.10","0.10"
"2011-01-14","ABL","0.10","","0","","","0.00","0.10","0.10","0.10","0.10","0.10"
"2011-01-17","ABL","0.10","","0","","","0.00","0.10","0.10","0.10","0.10","0.10"
"2011-01-18","ABL","0.10","","0","","","0.00","0.10","0.10","0.10","0.10","0.10"
"2011-01-19","ABL","0.10","","0","","","0.00","0.10","0.10","0.10","0.10","0.10"
"2011-01-20","ABL","0.10","","0","","","0.00","0.10","0.10","0.10","0.10","0.10"
"2011-01-24","ABL","0.10","","0","","0.09","0.00","0.10","0.10","0.10","0.10","0.10"
"2011-01-25","ABL","0.10","","0","","","0.00","0.10","0.10","0.10","0.10","0.10"
"2011-01-26","ABL","0.10","","0","","","0.00","0.10","0.10","0.10","0.10","0.10"
"2011-01-27","ABL","0.10","","0","","","0.00","0.10","0.10","0.10","0.10","0.10"
"2011-01-28","ABL","0.10","","0","","","0.00","0.10","0.10","0.10","0.10","0.10"
"2011-01-31","ABL","0.10","","600","0.10","","0.00","0.10","0.10","0.10","0.10","0.10"
"2011-02-01","ABL","0.10","","0","0.10","","0.00","0.10","0.10","0.10","0.10","0.10"
"2011-02-02","ABL","0.10","","0","0.10","","0.00","0.10","0.10","0.10","0.10","0.10"
"2011-02-03","ABL","0.10","","300","","0.10","0.00","0.10","0.10","0.10","0.10","0.10"
"2011-02-04","ABL","0.10","","0","","","0.00","0.10","0.10","0.10","0.10","0.10"
"2011-02-07","ABL","0.10","","0","","","0.00","0.10","0.10","0.10","0.10","0.10"
"2011-02-08","ABL","0.10","","0","","","0.00","0.10","0.10","0.10","0.10","0.10"
"2011-02-09","ABL","0.10","","0","","","0.00","0.10","0.10","0.10","0.10","0.10"
"2011-02-10","ABL","0.10","","0","","","0.00","0.10","0.10","0.10","0.10","0.10"
"2011-02-11","ABL","0.10","","0","","","0.00","0.10","0.10","0.10","0.10","0.10"
"2011-02-14","ABL","0.10","","0","","","0.00","0.10","0.10","0.10","0.10","0.10"
"2011-02-15","ABL","0.10","","0","","","0.00","0.10","0.10","0.10","0.10","0.10"
"2011-02-16","ABL","0.10","","0","","","0.00","0.10","0.10","0.10","0.10","0.10"
"2011-02-17","ABL","0.10","","0","","","0.00","0.10","0.10","0.10","0.10","0.10"
"2011-02-18","ABL","0.10","","0","","","0.00","0.10","0.10","0.10","0.10","0.10"
"2011-02-21","ABL","0.10","","0","","","0.00","0.10","0.10","0.10","0.10","0.10"
"2011-02-22","ABL","0.10","","0","","","0.00","0.10","0.10","0.10","0.10","0.10"
"2011-02-23","ABL","0.10","","0","","","0.00","0.10","0.10","0.10","0.10","0.10"
"2011-02-24","ABL","0.10","","0","","","0.00","0.10","0.10","0.10","0.10","0.10"
"2011-02-25","ABL","0.10","","0","","","0.00","0.10","0.10","0.10","0.10","0.10"
"2011-02-28","ABL","0.10","","0","","","0.00","0.10","0.10","0.10","0.10","0.10"
"2011-03-01","ABL","0.10","","0","","","0.00","0.10","0.10","0.10","0.10","0.10"
"2011-03-02","ABL","0.10","","0","","","0.00","0.10","0.10","0.10","0.10","0.10"
"2011-03-03","ABL","0.10","","0","0.11","","0.00","0.10","0.10","0.10","0.10","0.10"
"2011-03-04","ABL","0.10","","0","","","0.00","0.10","0.10","0.10","0.10","0.10"
"2011-03-08","ABL","0.10","","0","","","0.00","0.10","0.10","0.10","0.10","0.10"
"2011-03-09","ABL","0.10","","0","","","0.00","0.10","0.10","0.10","0.10","0.10"
"2011-03-10","ABL","0.10","","0","","","0.00","0.10","0.10","0.10","0.10","0.10"
"2011-03-11","ABL","0.10","","0","","","0.00","0.10","0.10","0.10","0.10","0.10"
"2011-03-14","ABL","0.10","","0","","","0.00","0.10","0.10","0.10","0.10","0.10"
"2011-03-15","ABL","0.10","","0","","","0.00","0.10","0.10","0.10","0.10","0.10"
"2011-03-16","ABL","0.10","","0","","","0.00","0.10","0.10","0.10","0.10","0.10"
"2011-03-17","ABL","0.10","","0","","","0.00","0.10","0.10","0.10","0.10","0.10"
"2011-03-18","ABL","0.10","","0","","","0.00","0.10","0.10","0.10","0.10","0.10"